2025-08-19 09:32:40,394 15951 INFO ? odoo: Odoo version 18.0 
2025-08-19 09:32:40,394 15951 INFO ? odoo: Using configuration file at /home/mikita/project/odoo/odoo/odoo.conf 
2025-08-19 09:32:40,394 15951 INFO ? odoo: addons paths: ['/home/mikita/project/odoo/odoo/odoo/addons', '/home/mikita/project/odoo/addons', '/home/mikita/project/odoo/odoo/addons'] 
2025-08-19 09:32:40,394 15951 INFO ? odoo: database: odoo@localhost:5432 
2025-08-19 09:32:40,468 15951 INFO ? odoo.addons.base.models.ir_actions_report: You need Wkhtmltopdf to print a pdf version of the reports. 
2025-08-19 09:32:40,468 15951 INFO ? odoo.addons.base.models.ir_actions_report: You need Wkhtmltoimage to generate images from html. 
2025-08-19 09:32:40,563 15951 INFO ? odoo.service.server: HTTP service (werkzeug) running on 0.0.0.0:8069 
2025-08-19 09:32:40,576 15951 ERROR odoo_db odoo.sql_db: bad query: b'CREATE SEQUENCE "base_registry_signaling" INCREMENT BY 1 START WITH 1'
ERROR: relation "base_registry_signaling" already exists
 
2025-08-19 09:32:40,576 15951 ERROR odoo_db odoo.modules.registry: Failed to load registry 
2025-08-19 09:32:40,576 15951 CRITICAL odoo_db odoo.service.server: Failed to initialize database `odoo_db`. 
Traceback (most recent call last):
  File "/home/mikita/project/odoo/odoo/odoo/service/server.py", line 1361, in preload_registries
    registry = Registry.new(dbname, update_module=update_module)
               ^^^^^^^^^^^^^^^^^^^^^^^^^^^^^^^^^^^^^^^^^^^^^^^^^
  File "/home/mikita/project/odoo/odoo/venv/lib/python3.12/site-packages/decorator.py", line 232, in fun
    return caller(func, *(extras + args), **kw)
           ^^^^^^^^^^^^^^^^^^^^^^^^^^^^^^^^^^^^
  File "/home/mikita/project/odoo/odoo/odoo/tools/func.py", line 97, in locked
    return func(inst, *args, **kwargs)
           ^^^^^^^^^^^^^^^^^^^^^^^^^^^
  File "/home/mikita/project/odoo/odoo/odoo/modules/registry.py", line 126, in new
    registry.setup_signaling()
  File "/home/mikita/project/odoo/odoo/odoo/modules/registry.py", line 847, in setup_signaling
    cr.execute(SQL(
  File "/home/mikita/project/odoo/odoo/odoo/sql_db.py", line 357, in execute
    res = self._obj.execute(query, params)
          ^^^^^^^^^^^^^^^^^^^^^^^^^^^^^^^^
psycopg2.errors.DuplicateTable: relation "base_registry_signaling" already exists

2025-08-19 09:32:40,577 15951 INFO odoo_db odoo.sql_db: ConnectionPool(read/write;used=0/count=0/max=64): Closed 1 connections  
2025-08-19 09:32:40,579 15962 INFO odoo_db odoo.service.server: Worker WorkerHTTP (15962) alive 
2025-08-19 09:32:40,581 15963 INFO odoo_db odoo.service.server: Worker WorkerHTTP (15963) alive 
2025-08-19 09:32:40,582 15965 INFO odoo_db odoo.service.server: Worker WorkerHTTP (15965) alive 
2025-08-19 09:32:40,583 15966 INFO odoo_db odoo.service.server: Worker WorkerHTTP (15966) alive 
2025-08-19 09:32:40,585 15971 INFO odoo_db odoo.service.server: Worker WorkerCron (15971) alive 
2025-08-19 09:32:40,587 15973 INFO odoo_db odoo.service.server: Worker WorkerCron (15973) alive 
2025-08-19 09:32:41,071 15968 INFO ? odoo: Odoo version 18.0 
2025-08-19 09:32:41,071 15968 INFO ? odoo: Using configuration file at /home/mikita/project/odoo/odoo/odoo.conf 
2025-08-19 09:32:41,071 15968 INFO ? odoo: addons paths: ['/home/mikita/project/odoo/odoo/odoo/addons', '/home/mikita/project/odoo/addons', '/home/mikita/project/odoo/odoo/addons'] 
2025-08-19 09:32:41,071 15968 INFO ? odoo: database: odoo@localhost:5432 
2025-08-19 09:32:41,145 15968 INFO ? odoo.addons.base.models.ir_actions_report: You need Wkhtmltopdf to print a pdf version of the reports. 
2025-08-19 09:32:41,145 15968 INFO ? odoo.addons.base.models.ir_actions_report: You need Wkhtmltoimage to generate images from html. 
2025-08-19 09:32:41,245 15968 INFO ? odoo.service.server: Evented Service (longpolling) running on 0.0.0.0:8072 
2025-08-19 09:33:20,581 15962 ERROR ? odoo.http: Exception during request handling. 
Traceback (most recent call last):
  File "/home/mikita/project/odoo/odoo/odoo/http.py", line 2546, in __call__
    request._post_init()
  File "/home/mikita/project/odoo/odoo/odoo/http.py", line 1632, in _post_init
    self.session, self.db = self._get_session_and_dbname()
                            ^^^^^^^^^^^^^^^^^^^^^^^^^^^^^^
  File "/home/mikita/project/odoo/odoo/odoo/http.py", line 1637, in _get_session_and_dbname
    if not sid or not root.session_store.is_valid_key(sid):
                      ^^^^^^^^^^^^^^^^^^
  File "/home/mikita/project/odoo/odoo/odoo/tools/func.py", line 42, in __get__
    value = self.fget(obj)
            ^^^^^^^^^^^^^^
  File "/home/mikita/project/odoo/odoo/odoo/http.py", line 2471, in session_store
    path = odoo.tools.config.session_dir
           ^^^^^^^^^^^^^^^^^^^^^^^^^^^^^
  File "/home/mikita/project/odoo/odoo/odoo/tools/config.py", line 803, in session_dir
    os.makedirs(d, 0o700)
  File "<frozen os>", line 215, in makedirs
  File "<frozen os>", line 225, in makedirs
PermissionError: [Errno 13] Отказано в доступе: '/var/lib/odoo'
2025-08-19 09:33:20,582 15962 INFO ? werkzeug: 127.0.0.1 - - [19/Aug/2025 09:33:20] "GET /websocket?version=18.0-5 HTTP/1.1" 500 - 0 0.000 0.003
2025-08-19 09:33:41,736 15971 ERROR odoo_db odoo.sql_db: bad query: b"\n            SELECT latest_version\n            FROM ir_module_module\n             WHERE name='base'\n        "
ERROR: relation "ir_module_module" does not exist
LINE 3:             FROM ir_module_module
                         ^
 
2025-08-19 09:33:41,736 15971 WARNING odoo_db odoo.addons.base.models.ir_cron: Tried to poll an undefined table on database odoo_db. 
2025-08-19 09:33:43,779 15973 ERROR odoo_db odoo.sql_db: bad query: b"\n            SELECT latest_version\n            FROM ir_module_module\n             WHERE name='base'\n        "
ERROR: relation "ir_module_module" does not exist
LINE 3:             FROM ir_module_module
                         ^
 
2025-08-19 09:33:43,779 15973 WARNING odoo_db odoo.addons.base.models.ir_cron: Tried to poll an undefined table on database odoo_db. 
2025-08-19 09:34:03,650 15963 INFO odoo_db odoo.service.server: Worker (15963) exiting. request_count: 0, registry count: 0. 
2025-08-19 09:34:03,650 15962 INFO odoo_db odoo.service.server: Worker (15962) exiting. request_count: 1, registry count: 0. 
2025-08-19 09:34:03,650 15951 INFO odoo_db odoo.service.server: Stopping gracefully 
2025-08-19 09:34:03,650 15966 INFO odoo_db odoo.service.server: Worker (15966) exiting. request_count: 0, registry count: 0. 
2025-08-19 09:34:03,650 15965 INFO odoo_db odoo.service.server: Worker (15965) exiting. request_count: 0, registry count: 0. 
2025-08-19 09:34:03,660 15971 INFO odoo_db odoo.service.server: Worker (15971) exiting. request_count: 1, registry count: 0. 
2025-08-19 09:34:03,680 15973 INFO odoo_db odoo.service.server: Worker (15973) exiting. request_count: 1, registry count: 0. 
2025-08-19 09:34:08,240 16320 INFO ? odoo: Odoo version 18.0 
2025-08-19 09:34:08,240 16320 INFO ? odoo: Using configuration file at /home/mikita/project/odoo/odoo/odoo.conf 
2025-08-19 09:34:08,241 16320 INFO ? odoo: addons paths: ['/home/mikita/project/odoo/odoo/odoo/addons', '/home/mikita/project/odoo/addons', '/home/mikita/project/odoo/odoo/addons'] 
2025-08-19 09:34:08,241 16320 INFO ? odoo: database: odoo@localhost:5432 
2025-08-19 09:34:08,313 16320 INFO ? odoo.addons.base.models.ir_actions_report: You need Wkhtmltopdf to print a pdf version of the reports. 
2025-08-19 09:34:08,313 16320 INFO ? odoo.addons.base.models.ir_actions_report: You need Wkhtmltoimage to generate images from html. 
2025-08-19 09:34:08,409 16320 INFO ? odoo.service.server: HTTP service (werkzeug) running on 0.0.0.0:8069 
2025-08-19 09:34:08,422 16320 ERROR odoo_db odoo.sql_db: bad query: b'CREATE SEQUENCE "base_registry_signaling" INCREMENT BY 1 START WITH 1'
ERROR: relation "base_registry_signaling" already exists
 
2025-08-19 09:34:08,422 16320 ERROR odoo_db odoo.modules.registry: Failed to load registry 
2025-08-19 09:34:08,422 16320 CRITICAL odoo_db odoo.service.server: Failed to initialize database `odoo_db`. 
Traceback (most recent call last):
  File "/home/mikita/project/odoo/odoo/odoo/service/server.py", line 1361, in preload_registries
    registry = Registry.new(dbname, update_module=update_module)
               ^^^^^^^^^^^^^^^^^^^^^^^^^^^^^^^^^^^^^^^^^^^^^^^^^
  File "/home/mikita/project/odoo/odoo/venv/lib/python3.12/site-packages/decorator.py", line 232, in fun
    return caller(func, *(extras + args), **kw)
           ^^^^^^^^^^^^^^^^^^^^^^^^^^^^^^^^^^^^
  File "/home/mikita/project/odoo/odoo/odoo/tools/func.py", line 97, in locked
    return func(inst, *args, **kwargs)
           ^^^^^^^^^^^^^^^^^^^^^^^^^^^
  File "/home/mikita/project/odoo/odoo/odoo/modules/registry.py", line 126, in new
    registry.setup_signaling()
  File "/home/mikita/project/odoo/odoo/odoo/modules/registry.py", line 847, in setup_signaling
    cr.execute(SQL(
  File "/home/mikita/project/odoo/odoo/odoo/sql_db.py", line 357, in execute
    res = self._obj.execute(query, params)
          ^^^^^^^^^^^^^^^^^^^^^^^^^^^^^^^^
psycopg2.errors.DuplicateTable: relation "base_registry_signaling" already exists

2025-08-19 09:34:08,423 16320 INFO odoo_db odoo.sql_db: ConnectionPool(read/write;used=0/count=0/max=64): Closed 1 connections  
2025-08-19 09:34:08,425 16330 INFO odoo_db odoo.service.server: Worker WorkerHTTP (16330) alive 
2025-08-19 09:34:08,427 16331 INFO odoo_db odoo.service.server: Worker WorkerHTTP (16331) alive 
2025-08-19 09:34:08,428 16333 INFO odoo_db odoo.service.server: Worker WorkerHTTP (16333) alive 
2025-08-19 09:34:08,429 16335 INFO odoo_db odoo.service.server: Worker WorkerHTTP (16335) alive 
2025-08-19 09:34:08,431 16338 INFO odoo_db odoo.service.server: Worker WorkerCron (16338) alive 
2025-08-19 09:34:08,433 16341 INFO odoo_db odoo.service.server: Worker WorkerCron (16341) alive 
2025-08-19 09:34:08,920 16336 INFO ? odoo: Odoo version 18.0 
2025-08-19 09:34:08,920 16336 INFO ? odoo: Using configuration file at /home/mikita/project/odoo/odoo/odoo.conf 
2025-08-19 09:34:08,920 16336 INFO ? odoo: addons paths: ['/home/mikita/project/odoo/odoo/odoo/addons', '/home/mikita/project/odoo/addons', '/home/mikita/project/odoo/odoo/addons'] 
2025-08-19 09:34:08,920 16336 INFO ? odoo: database: odoo@localhost:5432 
2025-08-19 09:34:08,994 16336 INFO ? odoo.addons.base.models.ir_actions_report: You need Wkhtmltopdf to print a pdf version of the reports. 
2025-08-19 09:34:08,994 16336 INFO ? odoo.addons.base.models.ir_actions_report: You need Wkhtmltoimage to generate images from html. 
2025-08-19 09:34:09,095 16336 INFO ? odoo.service.server: Evented Service (longpolling) running on 0.0.0.0:8072 
2025-08-19 09:34:14,657 16503 INFO ? odoo: Odoo version 18.0 
2025-08-19 09:34:14,657 16503 INFO ? odoo: Using configuration file at /home/mikita/project/odoo/odoo/odoo.conf 
2025-08-19 09:34:14,657 16503 INFO ? odoo: addons paths: ['/home/mikita/project/odoo/odoo/odoo/addons', '/home/mikita/project/odoo/addons', '/home/mikita/project/odoo/odoo/addons'] 
2025-08-19 09:34:14,657 16503 INFO ? odoo: database: odoo@localhost:5432 
2025-08-19 09:34:14,729 16503 INFO ? odoo.addons.base.models.ir_actions_report: You need Wkhtmltopdf to print a pdf version of the reports. 
2025-08-19 09:34:14,729 16503 INFO ? odoo.addons.base.models.ir_actions_report: You need Wkhtmltoimage to generate images from html. 
2025-08-19 09:34:14,824 16503 INFO ? odoo.service.server: HTTP service (werkzeug) running on 0.0.0.0:8069 
2025-08-19 09:34:18,683 16623 INFO ? odoo: Odoo version 18.0 
2025-08-19 09:34:18,683 16623 INFO ? odoo: Using configuration file at /home/mikita/project/odoo/odoo/odoo.conf 
2025-08-19 09:34:18,683 16623 INFO ? odoo: addons paths: ['/home/mikita/project/odoo/odoo/odoo/addons', '/home/mikita/project/odoo/addons', '/home/mikita/project/odoo/odoo/addons'] 
2025-08-19 09:34:18,683 16623 INFO ? odoo: database: odoo@localhost:5432 
2025-08-19 09:34:18,755 16623 INFO ? odoo.addons.base.models.ir_actions_report: You need Wkhtmltopdf to print a pdf version of the reports. 
2025-08-19 09:34:18,755 16623 INFO ? odoo.addons.base.models.ir_actions_report: You need Wkhtmltoimage to generate images from html. 
2025-08-19 09:34:18,852 16623 INFO ? odoo.service.server: HTTP service (werkzeug) running on 0.0.0.0:8069 
2025-08-19 09:35:37,493 17105 INFO ? odoo: Odoo version 18.0 
2025-08-19 09:35:37,493 17105 INFO ? odoo: Using configuration file at /home/mikita/project/odoo/odoo/odoo.conf 
2025-08-19 09:35:37,493 17105 INFO ? odoo: addons paths: ['/home/mikita/project/odoo/odoo/odoo/addons', '/home/mikita/project/odoo/addons', '/home/mikita/project/odoo/odoo/addons'] 
2025-08-19 09:35:37,494 17105 INFO ? odoo: database: odoo@localhost:5432 
2025-08-19 09:35:37,563 17105 INFO ? odoo.addons.base.models.ir_actions_report: You need Wkhtmltopdf to print a pdf version of the reports. 
2025-08-19 09:35:37,563 17105 INFO ? odoo.addons.base.models.ir_actions_report: You need Wkhtmltoimage to generate images from html. 
2025-08-19 09:35:37,656 17105 INFO ? odoo.service.server: HTTP service (werkzeug) running on 0.0.0.0:8069 
2025-08-19 09:35:46,621 17215 INFO ? odoo: Odoo version 18.0 
2025-08-19 09:35:46,621 17215 INFO ? odoo: Using configuration file at /home/mikita/project/odoo/odoo/odoo.conf 
2025-08-19 09:35:46,621 17215 INFO ? odoo: addons paths: ['/home/mikita/project/odoo/odoo/odoo/addons', '/home/mikita/project/odoo/addons', '/home/mikita/project/odoo/odoo/addons'] 
2025-08-19 09:35:46,621 17215 INFO ? odoo: database: odoo@localhost:5432 
2025-08-19 09:35:46,694 17215 INFO ? odoo.addons.base.models.ir_actions_report: You need Wkhtmltopdf to print a pdf version of the reports. 
2025-08-19 09:35:46,694 17215 INFO ? odoo.addons.base.models.ir_actions_report: You need Wkhtmltoimage to generate images from html. 
2025-08-19 09:35:46,790 17215 INFO ? odoo.service.server: HTTP service (werkzeug) running on 0.0.0.0:8069 
2025-08-19 09:36:37,346 17489 INFO ? odoo: Odoo version 18.0 
2025-08-19 09:36:37,346 17489 INFO ? odoo: Using configuration file at /home/mikita/project/odoo/odoo/odoo.conf 
2025-08-19 09:36:37,346 17489 INFO ? odoo: addons paths: ['/home/mikita/project/odoo/odoo/odoo/addons', '/home/mikita/project/odoo/addons', '/home/mikita/project/odoo/odoo/addons'] 
2025-08-19 09:36:37,346 17489 INFO ? odoo: database: odoo@localhost:5432 
2025-08-19 09:36:37,417 17489 INFO ? odoo.addons.base.models.ir_actions_report: You need Wkhtmltopdf to print a pdf version of the reports. 
2025-08-19 09:36:37,417 17489 INFO ? odoo.addons.base.models.ir_actions_report: You need Wkhtmltoimage to generate images from html. 
2025-08-19 09:36:37,510 17489 INFO ? odoo.service.server: HTTP service (werkzeug) running on 0.0.0.0:8069 
2025-08-19 09:36:37,522 17489 ERROR odoo_db odoo.sql_db: bad query: b'CREATE SEQUENCE "base_registry_signaling" INCREMENT BY 1 START WITH 1'
ERROR: relation "base_registry_signaling" already exists
 
2025-08-19 09:36:37,522 17489 ERROR odoo_db odoo.modules.registry: Failed to load registry 
2025-08-19 09:36:37,522 17489 CRITICAL odoo_db odoo.service.server: Failed to initialize database `odoo_db`. 
Traceback (most recent call last):
  File "/home/mikita/project/odoo/odoo/odoo/service/server.py", line 1361, in preload_registries
    registry = Registry.new(dbname, update_module=update_module)
               ^^^^^^^^^^^^^^^^^^^^^^^^^^^^^^^^^^^^^^^^^^^^^^^^^
  File "/home/mikita/project/odoo/odoo/venv/lib/python3.12/site-packages/decorator.py", line 232, in fun
    return caller(func, *(extras + args), **kw)
           ^^^^^^^^^^^^^^^^^^^^^^^^^^^^^^^^^^^^
  File "/home/mikita/project/odoo/odoo/odoo/tools/func.py", line 97, in locked
    return func(inst, *args, **kwargs)
           ^^^^^^^^^^^^^^^^^^^^^^^^^^^
  File "/home/mikita/project/odoo/odoo/odoo/modules/registry.py", line 126, in new
    registry.setup_signaling()
  File "/home/mikita/project/odoo/odoo/odoo/modules/registry.py", line 847, in setup_signaling
    cr.execute(SQL(
  File "/home/mikita/project/odoo/odoo/odoo/sql_db.py", line 357, in execute
    res = self._obj.execute(query, params)
          ^^^^^^^^^^^^^^^^^^^^^^^^^^^^^^^^
psycopg2.errors.DuplicateTable: relation "base_registry_signaling" already exists

2025-08-19 09:36:37,523 17489 INFO odoo_db odoo.sql_db: ConnectionPool(read/write;used=0/count=0/max=64): Closed 1 connections  
2025-08-19 09:36:37,525 17492 INFO odoo_db odoo.service.server: Worker WorkerHTTP (17492) alive 
2025-08-19 09:36:37,527 17493 INFO odoo_db odoo.service.server: Worker WorkerHTTP (17493) alive 
2025-08-19 09:36:37,528 17495 INFO odoo_db odoo.service.server: Worker WorkerHTTP (17495) alive 
2025-08-19 09:36:37,529 17497 INFO odoo_db odoo.service.server: Worker WorkerHTTP (17497) alive 
2025-08-19 09:36:37,532 17500 INFO odoo_db odoo.service.server: Worker WorkerCron (17500) alive 
2025-08-19 09:36:37,533 17502 INFO odoo_db odoo.service.server: Worker WorkerCron (17502) alive 
2025-08-19 09:36:37,996 17498 INFO ? odoo: Odoo version 18.0 
2025-08-19 09:36:37,996 17498 INFO ? odoo: Using configuration file at /home/mikita/project/odoo/odoo/odoo.conf 
2025-08-19 09:36:37,997 17498 INFO ? odoo: addons paths: ['/home/mikita/project/odoo/odoo/odoo/addons', '/home/mikita/project/odoo/addons', '/home/mikita/project/odoo/odoo/addons'] 
2025-08-19 09:36:37,997 17498 INFO ? odoo: database: odoo@localhost:5432 
2025-08-19 09:36:38,069 17498 INFO ? odoo.addons.base.models.ir_actions_report: You need Wkhtmltopdf to print a pdf version of the reports. 
2025-08-19 09:36:38,069 17498 INFO ? odoo.addons.base.models.ir_actions_report: You need Wkhtmltoimage to generate images from html. 
2025-08-19 09:36:38,165 17498 INFO ? odoo.service.server: Evented Service (longpolling) running on 0.0.0.0:8072 
2025-08-19 09:36:48,022 17497 INFO odoo_db odoo.service.server: Worker (17497) exiting. request_count: 0, registry count: 0. 
2025-08-19 09:36:48,022 17493 INFO odoo_db odoo.service.server: Worker (17493) exiting. request_count: 0, registry count: 0. 
2025-08-19 09:36:48,022 17492 INFO odoo_db odoo.service.server: Worker (17492) exiting. request_count: 0, registry count: 0. 
2025-08-19 09:36:48,022 17495 INFO odoo_db odoo.service.server: Worker (17495) exiting. request_count: 0, registry count: 0. 
2025-08-19 09:36:48,022 17489 INFO odoo_db odoo.service.server: Stopping gracefully 
2025-08-19 09:36:48,042 17502 INFO odoo_db odoo.service.server: Worker (17502) exiting. request_count: 0, registry count: 0. 
2025-08-19 09:36:48,122 17500 INFO odoo_db odoo.service.server: Worker (17500) exiting. request_count: 0, registry count: 0. 
2025-08-19 09:36:54,905 17661 INFO ? odoo: Odoo version 18.0 
2025-08-19 09:36:54,905 17661 INFO ? odoo: Using configuration file at /home/mikita/project/odoo/odoo/odoo.conf 
2025-08-19 09:36:54,905 17661 INFO ? odoo: addons paths: ['/home/mikita/project/odoo/odoo/odoo/addons', '/home/mikita/project/odoo/addons', '/home/mikita/project/odoo/odoo/addons'] 
2025-08-19 09:36:54,906 17661 INFO ? odoo: database: odoo@localhost:5432 
2025-08-19 09:36:54,979 17661 INFO ? odoo.addons.base.models.ir_actions_report: You need Wkhtmltopdf to print a pdf version of the reports. 
2025-08-19 09:36:54,980 17661 INFO ? odoo.addons.base.models.ir_actions_report: You need Wkhtmltoimage to generate images from html. 
2025-08-19 09:36:55,078 17661 INFO ? odoo.service.server: HTTP service (werkzeug) running on 0.0.0.0:8069 
2025-08-19 09:36:55,090 17661 ERROR odoo_db odoo.sql_db: bad query: b'CREATE SEQUENCE "base_registry_signaling" INCREMENT BY 1 START WITH 1'
ERROR: relation "base_registry_signaling" already exists
 
2025-08-19 09:36:55,090 17661 ERROR odoo_db odoo.modules.registry: Failed to load registry 
2025-08-19 09:36:55,090 17661 CRITICAL odoo_db odoo.service.server: Failed to initialize database `odoo_db`. 
Traceback (most recent call last):
  File "/home/mikita/project/odoo/odoo/odoo/service/server.py", line 1361, in preload_registries
    registry = Registry.new(dbname, update_module=update_module)
               ^^^^^^^^^^^^^^^^^^^^^^^^^^^^^^^^^^^^^^^^^^^^^^^^^
  File "/home/mikita/project/odoo/odoo/venv/lib/python3.12/site-packages/decorator.py", line 232, in fun
    return caller(func, *(extras + args), **kw)
           ^^^^^^^^^^^^^^^^^^^^^^^^^^^^^^^^^^^^
  File "/home/mikita/project/odoo/odoo/odoo/tools/func.py", line 97, in locked
    return func(inst, *args, **kwargs)
           ^^^^^^^^^^^^^^^^^^^^^^^^^^^
  File "/home/mikita/project/odoo/odoo/odoo/modules/registry.py", line 126, in new
    registry.setup_signaling()
  File "/home/mikita/project/odoo/odoo/odoo/modules/registry.py", line 847, in setup_signaling
    cr.execute(SQL(
  File "/home/mikita/project/odoo/odoo/odoo/sql_db.py", line 357, in execute
    res = self._obj.execute(query, params)
          ^^^^^^^^^^^^^^^^^^^^^^^^^^^^^^^^
psycopg2.errors.DuplicateTable: relation "base_registry_signaling" already exists

2025-08-19 09:36:55,091 17661 INFO odoo_db odoo.sql_db: ConnectionPool(read/write;used=0/count=0/max=64): Closed 1 connections  
2025-08-19 09:36:55,094 17665 INFO odoo_db odoo.service.server: Worker WorkerHTTP (17665) alive 
2025-08-19 09:36:55,096 17666 INFO odoo_db odoo.service.server: Worker WorkerHTTP (17666) alive 
2025-08-19 09:36:55,097 17668 INFO odoo_db odoo.service.server: Worker WorkerHTTP (17668) alive 
2025-08-19 09:36:55,098 17670 INFO odoo_db odoo.service.server: Worker WorkerHTTP (17670) alive 
2025-08-19 09:36:55,100 17673 INFO odoo_db odoo.service.server: Worker WorkerCron (17673) alive 
2025-08-19 09:36:55,101 17675 INFO odoo_db odoo.service.server: Worker WorkerCron (17675) alive 
2025-08-19 09:36:55,583 17671 INFO ? odoo: Odoo version 18.0 
2025-08-19 09:36:55,583 17671 INFO ? odoo: Using configuration file at /home/mikita/project/odoo/odoo/odoo.conf 
2025-08-19 09:36:55,583 17671 INFO ? odoo: addons paths: ['/home/mikita/project/odoo/odoo/odoo/addons', '/home/mikita/project/odoo/addons', '/home/mikita/project/odoo/odoo/addons'] 
2025-08-19 09:36:55,583 17671 INFO ? odoo: database: odoo@localhost:5432 
2025-08-19 09:36:55,657 17671 INFO ? odoo.addons.base.models.ir_actions_report: You need Wkhtmltopdf to print a pdf version of the reports. 
2025-08-19 09:36:55,657 17671 INFO ? odoo.addons.base.models.ir_actions_report: You need Wkhtmltoimage to generate images from html. 
2025-08-19 09:36:55,756 17671 INFO ? odoo.service.server: Evented Service (longpolling) running on 0.0.0.0:8072 
2025-08-19 09:37:03,938 17670 ERROR ? odoo.http: Exception during request handling. 
Traceback (most recent call last):
  File "/home/mikita/project/odoo/odoo/odoo/http.py", line 2546, in __call__
    request._post_init()
  File "/home/mikita/project/odoo/odoo/odoo/http.py", line 1632, in _post_init
    self.session, self.db = self._get_session_and_dbname()
                            ^^^^^^^^^^^^^^^^^^^^^^^^^^^^^^
  File "/home/mikita/project/odoo/odoo/odoo/http.py", line 1637, in _get_session_and_dbname
    if not sid or not root.session_store.is_valid_key(sid):
                      ^^^^^^^^^^^^^^^^^^
  File "/home/mikita/project/odoo/odoo/odoo/tools/func.py", line 42, in __get__
    value = self.fget(obj)
            ^^^^^^^^^^^^^^
  File "/home/mikita/project/odoo/odoo/odoo/http.py", line 2471, in session_store
    path = odoo.tools.config.session_dir
           ^^^^^^^^^^^^^^^^^^^^^^^^^^^^^
  File "/home/mikita/project/odoo/odoo/odoo/tools/config.py", line 803, in session_dir
    os.makedirs(d, 0o700)
  File "<frozen os>", line 215, in makedirs
  File "<frozen os>", line 225, in makedirs
PermissionError: [Errno 13] Отказано в доступе: '/var/lib/odoo'
2025-08-19 09:37:03,946 17670 INFO ? werkzeug: 127.0.0.1 - - [19/Aug/2025 09:37:03] "GET /websocket?version=18.0-5 HTTP/1.1" 500 - 0 0.000 0.010
2025-08-19 09:37:58,252 17673 ERROR odoo_db odoo.sql_db: bad query: b"\n            SELECT latest_version\n            FROM ir_module_module\n             WHERE name='base'\n        "
ERROR: relation "ir_module_module" does not exist
LINE 3:             FROM ir_module_module
                         ^
 
2025-08-19 09:37:58,252 17673 WARNING odoo_db odoo.addons.base.models.ir_cron: Tried to poll an undefined table on database odoo_db. 
2025-08-19 09:38:00,274 17675 ERROR odoo_db odoo.sql_db: bad query: b"\n            SELECT latest_version\n            FROM ir_module_module\n             WHERE name='base'\n        "
ERROR: relation "ir_module_module" does not exist
LINE 3:             FROM ir_module_module
                         ^
 
2025-08-19 09:38:00,274 17675 WARNING odoo_db odoo.addons.base.models.ir_cron: Tried to poll an undefined table on database odoo_db. 
2025-08-19 09:38:05,097 17666 ERROR ? odoo.http: Exception during request handling. 
Traceback (most recent call last):
  File "/home/mikita/project/odoo/odoo/odoo/http.py", line 2546, in __call__
    request._post_init()
  File "/home/mikita/project/odoo/odoo/odoo/http.py", line 1632, in _post_init
    self.session, self.db = self._get_session_and_dbname()
                            ^^^^^^^^^^^^^^^^^^^^^^^^^^^^^^
  File "/home/mikita/project/odoo/odoo/odoo/http.py", line 1637, in _get_session_and_dbname
    if not sid or not root.session_store.is_valid_key(sid):
                      ^^^^^^^^^^^^^^^^^^
  File "/home/mikita/project/odoo/odoo/odoo/tools/func.py", line 42, in __get__
    value = self.fget(obj)
            ^^^^^^^^^^^^^^
  File "/home/mikita/project/odoo/odoo/odoo/http.py", line 2471, in session_store
    path = odoo.tools.config.session_dir
           ^^^^^^^^^^^^^^^^^^^^^^^^^^^^^
  File "/home/mikita/project/odoo/odoo/odoo/tools/config.py", line 803, in session_dir
    os.makedirs(d, 0o700)
  File "<frozen os>", line 215, in makedirs
  File "<frozen os>", line 225, in makedirs
PermissionError: [Errno 13] Отказано в доступе: '/var/lib/odoo'
2025-08-19 09:38:05,105 17666 INFO ? werkzeug: 127.0.0.1 - - [19/Aug/2025 09:38:05] "GET /websocket?version=18.0-5 HTTP/1.1" 500 - 0 0.000 0.010
2025-08-19 09:39:01,286 17673 ERROR odoo_db odoo.sql_db: bad query: b"\n            SELECT latest_version\n            FROM ir_module_module\n             WHERE name='base'\n        "
ERROR: relation "ir_module_module" does not exist
LINE 3:             FROM ir_module_module
                         ^
 
2025-08-19 09:39:01,287 17673 WARNING odoo_db odoo.addons.base.models.ir_cron: Tried to poll an undefined table on database odoo_db. 
2025-08-19 09:39:05,404 17675 ERROR odoo_db odoo.sql_db: bad query: b"\n            SELECT latest_version\n            FROM ir_module_module\n             WHERE name='base'\n        "
ERROR: relation "ir_module_module" does not exist
LINE 3:             FROM ir_module_module
                         ^
 
2025-08-19 09:39:05,405 17675 WARNING odoo_db odoo.addons.base.models.ir_cron: Tried to poll an undefined table on database odoo_db. 
2025-08-19 09:39:06,382 17666 ERROR ? odoo.http: Exception during request handling. 
Traceback (most recent call last):
  File "/home/mikita/project/odoo/odoo/odoo/http.py", line 2546, in __call__
    request._post_init()
  File "/home/mikita/project/odoo/odoo/odoo/http.py", line 1632, in _post_init
    self.session, self.db = self._get_session_and_dbname()
                            ^^^^^^^^^^^^^^^^^^^^^^^^^^^^^^
  File "/home/mikita/project/odoo/odoo/odoo/http.py", line 1637, in _get_session_and_dbname
    if not sid or not root.session_store.is_valid_key(sid):
                      ^^^^^^^^^^^^^^^^^^
  File "/home/mikita/project/odoo/odoo/odoo/tools/func.py", line 42, in __get__
    value = self.fget(obj)
            ^^^^^^^^^^^^^^
  File "/home/mikita/project/odoo/odoo/odoo/http.py", line 2471, in session_store
    path = odoo.tools.config.session_dir
           ^^^^^^^^^^^^^^^^^^^^^^^^^^^^^
  File "/home/mikita/project/odoo/odoo/odoo/tools/config.py", line 803, in session_dir
    os.makedirs(d, 0o700)
  File "<frozen os>", line 215, in makedirs
  File "<frozen os>", line 225, in makedirs
PermissionError: [Errno 13] Отказано в доступе: '/var/lib/odoo'
2025-08-19 09:39:06,384 17666 INFO ? werkzeug: 127.0.0.1 - - [19/Aug/2025 09:39:06] "GET /websocket?version=18.0-5 HTTP/1.1" 500 - 0 0.000 0.003
2025-08-19 09:40:04,420 17673 ERROR odoo_db odoo.sql_db: bad query: b"\n            SELECT latest_version\n            FROM ir_module_module\n             WHERE name='base'\n        "
ERROR: relation "ir_module_module" does not exist
LINE 3:             FROM ir_module_module
                         ^
 
2025-08-19 09:40:04,421 17673 WARNING odoo_db odoo.addons.base.models.ir_cron: Tried to poll an undefined table on database odoo_db. 
2025-08-19 09:40:06,516 17668 ERROR ? odoo.http: Exception during request handling. 
Traceback (most recent call last):
  File "/home/mikita/project/odoo/odoo/odoo/http.py", line 2546, in __call__
    request._post_init()
  File "/home/mikita/project/odoo/odoo/odoo/http.py", line 1632, in _post_init
    self.session, self.db = self._get_session_and_dbname()
                            ^^^^^^^^^^^^^^^^^^^^^^^^^^^^^^
  File "/home/mikita/project/odoo/odoo/odoo/http.py", line 1637, in _get_session_and_dbname
    if not sid or not root.session_store.is_valid_key(sid):
                      ^^^^^^^^^^^^^^^^^^
  File "/home/mikita/project/odoo/odoo/odoo/tools/func.py", line 42, in __get__
    value = self.fget(obj)
            ^^^^^^^^^^^^^^
  File "/home/mikita/project/odoo/odoo/odoo/http.py", line 2471, in session_store
    path = odoo.tools.config.session_dir
           ^^^^^^^^^^^^^^^^^^^^^^^^^^^^^
  File "/home/mikita/project/odoo/odoo/odoo/tools/config.py", line 803, in session_dir
    os.makedirs(d, 0o700)
  File "<frozen os>", line 215, in makedirs
  File "<frozen os>", line 225, in makedirs
PermissionError: [Errno 13] Отказано в доступе: '/var/lib/odoo'
2025-08-19 09:40:06,524 17668 INFO ? werkzeug: 127.0.0.1 - - [19/Aug/2025 09:40:06] "GET /websocket?version=18.0-5 HTTP/1.1" 500 - 0 0.000 0.010
2025-08-19 09:40:10,557 17675 ERROR odoo_db odoo.sql_db: bad query: b"\n            SELECT latest_version\n            FROM ir_module_module\n             WHERE name='base'\n        "
ERROR: relation "ir_module_module" does not exist
LINE 3:             FROM ir_module_module
                         ^
 
2025-08-19 09:40:10,558 17675 WARNING odoo_db odoo.addons.base.models.ir_cron: Tried to poll an undefined table on database odoo_db. 
2025-08-19 09:41:07,469 17673 ERROR odoo_db odoo.sql_db: bad query: b"\n            SELECT latest_version\n            FROM ir_module_module\n             WHERE name='base'\n        "
ERROR: relation "ir_module_module" does not exist
LINE 3:             FROM ir_module_module
                         ^
 
2025-08-19 09:41:07,469 17673 WARNING odoo_db odoo.addons.base.models.ir_cron: Tried to poll an undefined table on database odoo_db. 
2025-08-19 09:41:07,584 17670 ERROR ? odoo.http: Exception during request handling. 
Traceback (most recent call last):
  File "/home/mikita/project/odoo/odoo/odoo/http.py", line 2546, in __call__
    request._post_init()
  File "/home/mikita/project/odoo/odoo/odoo/http.py", line 1632, in _post_init
    self.session, self.db = self._get_session_and_dbname()
                            ^^^^^^^^^^^^^^^^^^^^^^^^^^^^^^
  File "/home/mikita/project/odoo/odoo/odoo/http.py", line 1637, in _get_session_and_dbname
    if not sid or not root.session_store.is_valid_key(sid):
                      ^^^^^^^^^^^^^^^^^^
  File "/home/mikita/project/odoo/odoo/odoo/tools/func.py", line 42, in __get__
    value = self.fget(obj)
            ^^^^^^^^^^^^^^
  File "/home/mikita/project/odoo/odoo/odoo/http.py", line 2471, in session_store
    path = odoo.tools.config.session_dir
           ^^^^^^^^^^^^^^^^^^^^^^^^^^^^^
  File "/home/mikita/project/odoo/odoo/odoo/tools/config.py", line 803, in session_dir
    os.makedirs(d, 0o700)
  File "<frozen os>", line 215, in makedirs
  File "<frozen os>", line 225, in makedirs
PermissionError: [Errno 13] Отказано в доступе: '/var/lib/odoo'
2025-08-19 09:41:07,587 17670 INFO ? werkzeug: 127.0.0.1 - - [19/Aug/2025 09:41:07] "GET /websocket?version=18.0-5 HTTP/1.1" 500 - 0 0.000 0.003
2025-08-19 09:41:15,711 17675 ERROR odoo_db odoo.sql_db: bad query: b"\n            SELECT latest_version\n            FROM ir_module_module\n             WHERE name='base'\n        "
ERROR: relation "ir_module_module" does not exist
LINE 3:             FROM ir_module_module
                         ^
 
2025-08-19 09:41:15,712 17675 WARNING odoo_db odoo.addons.base.models.ir_cron: Tried to poll an undefined table on database odoo_db. 
2025-08-19 09:42:07,689 17668 ERROR ? odoo.http: Exception during request handling. 
Traceback (most recent call last):
  File "/home/mikita/project/odoo/odoo/odoo/http.py", line 2546, in __call__
    request._post_init()
  File "/home/mikita/project/odoo/odoo/odoo/http.py", line 1632, in _post_init
    self.session, self.db = self._get_session_and_dbname()
                            ^^^^^^^^^^^^^^^^^^^^^^^^^^^^^^
  File "/home/mikita/project/odoo/odoo/odoo/http.py", line 1637, in _get_session_and_dbname
    if not sid or not root.session_store.is_valid_key(sid):
                      ^^^^^^^^^^^^^^^^^^
  File "/home/mikita/project/odoo/odoo/odoo/tools/func.py", line 42, in __get__
    value = self.fget(obj)
            ^^^^^^^^^^^^^^
  File "/home/mikita/project/odoo/odoo/odoo/http.py", line 2471, in session_store
    path = odoo.tools.config.session_dir
           ^^^^^^^^^^^^^^^^^^^^^^^^^^^^^
  File "/home/mikita/project/odoo/odoo/odoo/tools/config.py", line 803, in session_dir
    os.makedirs(d, 0o700)
  File "<frozen os>", line 215, in makedirs
  File "<frozen os>", line 225, in makedirs
PermissionError: [Errno 13] Отказано в доступе: '/var/lib/odoo'
2025-08-19 09:42:07,691 17668 INFO ? werkzeug: 127.0.0.1 - - [19/Aug/2025 09:42:07] "GET /websocket?version=18.0-5 HTTP/1.1" 500 - 0 0.000 0.003
2025-08-19 09:42:10,601 17673 ERROR odoo_db odoo.sql_db: bad query: b"\n            SELECT latest_version\n            FROM ir_module_module\n             WHERE name='base'\n        "
ERROR: relation "ir_module_module" does not exist
LINE 3:             FROM ir_module_module
                         ^
 
2025-08-19 09:42:10,602 17673 WARNING odoo_db odoo.addons.base.models.ir_cron: Tried to poll an undefined table on database odoo_db. 
2025-08-19 09:42:20,864 17675 ERROR odoo_db odoo.sql_db: bad query: b"\n            SELECT latest_version\n            FROM ir_module_module\n             WHERE name='base'\n        "
ERROR: relation "ir_module_module" does not exist
LINE 3:             FROM ir_module_module
                         ^
 
2025-08-19 09:42:20,865 17675 WARNING odoo_db odoo.addons.base.models.ir_cron: Tried to poll an undefined table on database odoo_db. 
2025-08-19 09:43:08,702 17665 ERROR ? odoo.http: Exception during request handling. 
Traceback (most recent call last):
  File "/home/mikita/project/odoo/odoo/odoo/http.py", line 2546, in __call__
    request._post_init()
  File "/home/mikita/project/odoo/odoo/odoo/http.py", line 1632, in _post_init
    self.session, self.db = self._get_session_and_dbname()
                            ^^^^^^^^^^^^^^^^^^^^^^^^^^^^^^
  File "/home/mikita/project/odoo/odoo/odoo/http.py", line 1637, in _get_session_and_dbname
    if not sid or not root.session_store.is_valid_key(sid):
                      ^^^^^^^^^^^^^^^^^^
  File "/home/mikita/project/odoo/odoo/odoo/tools/func.py", line 42, in __get__
    value = self.fget(obj)
            ^^^^^^^^^^^^^^
  File "/home/mikita/project/odoo/odoo/odoo/http.py", line 2471, in session_store
    path = odoo.tools.config.session_dir
           ^^^^^^^^^^^^^^^^^^^^^^^^^^^^^
  File "/home/mikita/project/odoo/odoo/odoo/tools/config.py", line 803, in session_dir
    os.makedirs(d, 0o700)
  File "<frozen os>", line 215, in makedirs
  File "<frozen os>", line 225, in makedirs
PermissionError: [Errno 13] Отказано в доступе: '/var/lib/odoo'
2025-08-19 09:43:08,705 17665 INFO ? werkzeug: 127.0.0.1 - - [19/Aug/2025 09:43:08] "GET /websocket?version=18.0-5 HTTP/1.1" 500 - 0 0.000 0.005
2025-08-19 09:43:13,708 17673 ERROR odoo_db odoo.sql_db: bad query: b"\n            SELECT latest_version\n            FROM ir_module_module\n             WHERE name='base'\n        "
ERROR: relation "ir_module_module" does not exist
LINE 3:             FROM ir_module_module
                         ^
 
2025-08-19 09:43:13,709 17673 WARNING odoo_db odoo.addons.base.models.ir_cron: Tried to poll an undefined table on database odoo_db. 
2025-08-19 09:43:26,015 17675 ERROR odoo_db odoo.sql_db: bad query: b"\n            SELECT latest_version\n            FROM ir_module_module\n             WHERE name='base'\n        "
ERROR: relation "ir_module_module" does not exist
LINE 3:             FROM ir_module_module
                         ^
 
2025-08-19 09:43:26,015 17675 WARNING odoo_db odoo.addons.base.models.ir_cron: Tried to poll an undefined table on database odoo_db. 
2025-08-19 09:43:28,429 17668 INFO odoo_db odoo.service.server: Worker (17668) exiting. request_count: 2, registry count: 0. 
2025-08-19 09:43:28,429 17666 INFO odoo_db odoo.service.server: Worker (17666) exiting. request_count: 2, registry count: 0. 
2025-08-19 09:43:28,429 17670 INFO odoo_db odoo.service.server: Worker (17670) exiting. request_count: 2, registry count: 0. 
2025-08-19 09:43:28,429 17665 INFO odoo_db odoo.service.server: Worker (17665) exiting. request_count: 1, registry count: 0. 
2025-08-19 09:43:28,429 17661 INFO odoo_db odoo.service.server: Stopping gracefully 
2025-08-19 09:43:28,459 17673 INFO odoo_db odoo.service.server: Worker (17673) exiting. request_count: 6, registry count: 0. 
2025-08-19 09:43:28,479 17675 INFO odoo_db odoo.service.server: Worker (17675) exiting. request_count: 6, registry count: 0. 
2025-08-19 09:44:36,345 18679 INFO ? odoo: Odoo version 18.0 
2025-08-19 09:44:36,346 18679 INFO ? odoo: Using configuration file at /home/mikita/project/odoo/odoo/odoo.conf 
2025-08-19 09:44:36,346 18679 INFO ? odoo: addons paths: ['/home/mikita/project/odoo/odoo/odoo/addons', '/home/mikita/project/odoo/addons', '/home/mikita/project/odoo/odoo/addons'] 
2025-08-19 09:44:36,346 18679 INFO ? odoo: database: odoo@localhost:5432 
2025-08-19 09:44:36,419 18679 INFO ? odoo.addons.base.models.ir_actions_report: You need Wkhtmltopdf to print a pdf version of the reports. 
2025-08-19 09:44:36,419 18679 INFO ? odoo.addons.base.models.ir_actions_report: You need Wkhtmltoimage to generate images from html. 
2025-08-19 09:44:36,517 18679 INFO ? odoo.service.server: HTTP service (werkzeug) running on 0.0.0.0:8069 
2025-08-19 09:44:36,531 18679 ERROR odoo_db odoo.sql_db: bad query: b'CREATE SEQUENCE "base_registry_signaling" INCREMENT BY 1 START WITH 1'
ERROR: permission denied for schema public
 
2025-08-19 09:44:36,531 18679 ERROR odoo_db odoo.modules.registry: Failed to load registry 
2025-08-19 09:44:36,531 18679 CRITICAL odoo_db odoo.service.server: Failed to initialize database `odoo_db`. 
Traceback (most recent call last):
  File "/home/mikita/project/odoo/odoo/odoo/service/server.py", line 1361, in preload_registries
    registry = Registry.new(dbname, update_module=update_module)
               ^^^^^^^^^^^^^^^^^^^^^^^^^^^^^^^^^^^^^^^^^^^^^^^^^
  File "/home/mikita/project/odoo/odoo/venv/lib/python3.12/site-packages/decorator.py", line 232, in fun
    return caller(func, *(extras + args), **kw)
           ^^^^^^^^^^^^^^^^^^^^^^^^^^^^^^^^^^^^
  File "/home/mikita/project/odoo/odoo/odoo/tools/func.py", line 97, in locked
    return func(inst, *args, **kwargs)
           ^^^^^^^^^^^^^^^^^^^^^^^^^^^
  File "/home/mikita/project/odoo/odoo/odoo/modules/registry.py", line 126, in new
    registry.setup_signaling()
  File "/home/mikita/project/odoo/odoo/odoo/modules/registry.py", line 847, in setup_signaling
    cr.execute(SQL(
  File "/home/mikita/project/odoo/odoo/odoo/sql_db.py", line 357, in execute
    res = self._obj.execute(query, params)
          ^^^^^^^^^^^^^^^^^^^^^^^^^^^^^^^^
psycopg2.errors.InsufficientPrivilege: permission denied for schema public

2025-08-19 09:44:36,532 18679 INFO odoo_db odoo.sql_db: ConnectionPool(read/write;used=0/count=0/max=64): Closed 1 connections  
2025-08-19 09:44:36,535 18689 INFO odoo_db odoo.service.server: Worker WorkerHTTP (18689) alive 
2025-08-19 09:44:36,536 18690 INFO odoo_db odoo.service.server: Worker WorkerHTTP (18690) alive 
2025-08-19 09:44:36,538 18692 INFO odoo_db odoo.service.server: Worker WorkerHTTP (18692) alive 
2025-08-19 09:44:36,539 18694 INFO odoo_db odoo.service.server: Worker WorkerHTTP (18694) alive 
2025-08-19 09:44:36,541 18698 INFO odoo_db odoo.service.server: Worker WorkerCron (18698) alive 
2025-08-19 09:44:36,543 18700 INFO odoo_db odoo.service.server: Worker WorkerCron (18700) alive 
2025-08-19 09:44:37,029 18695 INFO ? odoo: Odoo version 18.0 
2025-08-19 09:44:37,029 18695 INFO ? odoo: Using configuration file at /home/mikita/project/odoo/odoo/odoo.conf 
2025-08-19 09:44:37,029 18695 INFO ? odoo: addons paths: ['/home/mikita/project/odoo/odoo/odoo/addons', '/home/mikita/project/odoo/addons', '/home/mikita/project/odoo/odoo/addons'] 
2025-08-19 09:44:37,029 18695 INFO ? odoo: database: odoo@localhost:5432 
2025-08-19 09:44:37,101 18695 INFO ? odoo.addons.base.models.ir_actions_report: You need Wkhtmltopdf to print a pdf version of the reports. 
2025-08-19 09:44:37,101 18695 INFO ? odoo.addons.base.models.ir_actions_report: You need Wkhtmltoimage to generate images from html. 
2025-08-19 09:44:37,200 18695 INFO ? odoo.service.server: Evented Service (longpolling) running on 0.0.0.0:8072 
2025-08-19 09:45:11,192 18689 ERROR ? odoo.http: Exception during request handling. 
Traceback (most recent call last):
  File "/home/mikita/project/odoo/odoo/odoo/http.py", line 2546, in __call__
    request._post_init()
  File "/home/mikita/project/odoo/odoo/odoo/http.py", line 1632, in _post_init
    self.session, self.db = self._get_session_and_dbname()
                            ^^^^^^^^^^^^^^^^^^^^^^^^^^^^^^
  File "/home/mikita/project/odoo/odoo/odoo/http.py", line 1637, in _get_session_and_dbname
    if not sid or not root.session_store.is_valid_key(sid):
                      ^^^^^^^^^^^^^^^^^^
  File "/home/mikita/project/odoo/odoo/odoo/tools/func.py", line 42, in __get__
    value = self.fget(obj)
            ^^^^^^^^^^^^^^
  File "/home/mikita/project/odoo/odoo/odoo/http.py", line 2471, in session_store
    path = odoo.tools.config.session_dir
           ^^^^^^^^^^^^^^^^^^^^^^^^^^^^^
  File "/home/mikita/project/odoo/odoo/odoo/tools/config.py", line 803, in session_dir
    os.makedirs(d, 0o700)
  File "<frozen os>", line 215, in makedirs
  File "<frozen os>", line 225, in makedirs
PermissionError: [Errno 13] Отказано в доступе: '/var/lib/odoo'
2025-08-19 09:45:11,195 18689 INFO ? werkzeug: 127.0.0.1 - - [19/Aug/2025 09:45:11] "GET /websocket?version=18.0-5 HTTP/1.1" 500 - 0 0.000 0.004
2025-08-19 09:45:36,774 18700 ERROR odoo_db odoo.sql_db: bad query: b"\n            SELECT latest_version\n            FROM ir_module_module\n             WHERE name='base'\n        "
ERROR: relation "ir_module_module" does not exist
LINE 3:             FROM ir_module_module
                         ^
 
2025-08-19 09:45:36,774 18700 WARNING odoo_db odoo.addons.base.models.ir_cron: Tried to poll an undefined table on database odoo_db. 
2025-08-19 09:45:44,753 18698 ERROR odoo_db odoo.sql_db: bad query: b"\n            SELECT latest_version\n            FROM ir_module_module\n             WHERE name='base'\n        "
ERROR: relation "ir_module_module" does not exist
LINE 3:             FROM ir_module_module
                         ^
 
2025-08-19 09:45:44,753 18698 WARNING odoo_db odoo.addons.base.models.ir_cron: Tried to poll an undefined table on database odoo_db. 
2025-08-19 09:46:12,280 18692 ERROR ? odoo.http: Exception during request handling. 
Traceback (most recent call last):
  File "/home/mikita/project/odoo/odoo/odoo/http.py", line 2546, in __call__
    request._post_init()
  File "/home/mikita/project/odoo/odoo/odoo/http.py", line 1632, in _post_init
    self.session, self.db = self._get_session_and_dbname()
                            ^^^^^^^^^^^^^^^^^^^^^^^^^^^^^^
  File "/home/mikita/project/odoo/odoo/odoo/http.py", line 1637, in _get_session_and_dbname
    if not sid or not root.session_store.is_valid_key(sid):
                      ^^^^^^^^^^^^^^^^^^
  File "/home/mikita/project/odoo/odoo/odoo/tools/func.py", line 42, in __get__
    value = self.fget(obj)
            ^^^^^^^^^^^^^^
  File "/home/mikita/project/odoo/odoo/odoo/http.py", line 2471, in session_store
    path = odoo.tools.config.session_dir
           ^^^^^^^^^^^^^^^^^^^^^^^^^^^^^
  File "/home/mikita/project/odoo/odoo/odoo/tools/config.py", line 803, in session_dir
    os.makedirs(d, 0o700)
  File "<frozen os>", line 215, in makedirs
  File "<frozen os>", line 225, in makedirs
PermissionError: [Errno 13] Отказано в доступе: '/var/lib/odoo'
2025-08-19 09:46:12,283 18692 INFO ? werkzeug: 127.0.0.1 - - [19/Aug/2025 09:46:12] "GET /websocket?version=18.0-5 HTTP/1.1" 500 - 0 0.000 0.005
2025-08-19 09:46:36,976 18700 ERROR odoo_db odoo.sql_db: bad query: b"\n            SELECT latest_version\n            FROM ir_module_module\n             WHERE name='base'\n        "
ERROR: relation "ir_module_module" does not exist
LINE 3:             FROM ir_module_module
                         ^
 
2025-08-19 09:46:36,977 18700 WARNING odoo_db odoo.addons.base.models.ir_cron: Tried to poll an undefined table on database odoo_db. 
2025-08-19 09:46:52,865 18698 ERROR odoo_db odoo.sql_db: bad query: b"\n            SELECT latest_version\n            FROM ir_module_module\n             WHERE name='base'\n        "
ERROR: relation "ir_module_module" does not exist
LINE 3:             FROM ir_module_module
                         ^
 
2025-08-19 09:46:52,866 18698 WARNING odoo_db odoo.addons.base.models.ir_cron: Tried to poll an undefined table on database odoo_db. 
2025-08-19 09:47:12,408 18692 ERROR ? odoo.http: Exception during request handling. 
Traceback (most recent call last):
  File "/home/mikita/project/odoo/odoo/odoo/http.py", line 2546, in __call__
    request._post_init()
  File "/home/mikita/project/odoo/odoo/odoo/http.py", line 1632, in _post_init
    self.session, self.db = self._get_session_and_dbname()
                            ^^^^^^^^^^^^^^^^^^^^^^^^^^^^^^
  File "/home/mikita/project/odoo/odoo/odoo/http.py", line 1637, in _get_session_and_dbname
    if not sid or not root.session_store.is_valid_key(sid):
                      ^^^^^^^^^^^^^^^^^^
  File "/home/mikita/project/odoo/odoo/odoo/tools/func.py", line 42, in __get__
    value = self.fget(obj)
            ^^^^^^^^^^^^^^
  File "/home/mikita/project/odoo/odoo/odoo/http.py", line 2471, in session_store
    path = odoo.tools.config.session_dir
           ^^^^^^^^^^^^^^^^^^^^^^^^^^^^^
  File "/home/mikita/project/odoo/odoo/odoo/tools/config.py", line 803, in session_dir
    os.makedirs(d, 0o700)
  File "<frozen os>", line 215, in makedirs
  File "<frozen os>", line 225, in makedirs
PermissionError: [Errno 13] Отказано в доступе: '/var/lib/odoo'
2025-08-19 09:47:12,410 18692 INFO ? werkzeug: 127.0.0.1 - - [19/Aug/2025 09:47:12] "GET /websocket?version=18.0-5 HTTP/1.1" 500 - 0 0.000 0.003
2025-08-19 09:47:37,180 18700 ERROR odoo_db odoo.sql_db: bad query: b"\n            SELECT latest_version\n            FROM ir_module_module\n             WHERE name='base'\n        "
ERROR: relation "ir_module_module" does not exist
LINE 3:             FROM ir_module_module
                         ^
 
2025-08-19 09:47:37,181 18700 WARNING odoo_db odoo.addons.base.models.ir_cron: Tried to poll an undefined table on database odoo_db. 
2025-08-19 09:48:00,965 18698 ERROR odoo_db odoo.sql_db: bad query: b"\n            SELECT latest_version\n            FROM ir_module_module\n             WHERE name='base'\n        "
ERROR: relation "ir_module_module" does not exist
LINE 3:             FROM ir_module_module
                         ^
 
2025-08-19 09:48:00,966 18698 WARNING odoo_db odoo.addons.base.models.ir_cron: Tried to poll an undefined table on database odoo_db. 
2025-08-19 09:48:13,480 18692 ERROR ? odoo.http: Exception during request handling. 
Traceback (most recent call last):
  File "/home/mikita/project/odoo/odoo/odoo/http.py", line 2546, in __call__
    request._post_init()
  File "/home/mikita/project/odoo/odoo/odoo/http.py", line 1632, in _post_init
    self.session, self.db = self._get_session_and_dbname()
                            ^^^^^^^^^^^^^^^^^^^^^^^^^^^^^^
  File "/home/mikita/project/odoo/odoo/odoo/http.py", line 1637, in _get_session_and_dbname
    if not sid or not root.session_store.is_valid_key(sid):
                      ^^^^^^^^^^^^^^^^^^
  File "/home/mikita/project/odoo/odoo/odoo/tools/func.py", line 42, in __get__
    value = self.fget(obj)
            ^^^^^^^^^^^^^^
  File "/home/mikita/project/odoo/odoo/odoo/http.py", line 2471, in session_store
    path = odoo.tools.config.session_dir
           ^^^^^^^^^^^^^^^^^^^^^^^^^^^^^
  File "/home/mikita/project/odoo/odoo/odoo/tools/config.py", line 803, in session_dir
    os.makedirs(d, 0o700)
  File "<frozen os>", line 215, in makedirs
  File "<frozen os>", line 225, in makedirs
PermissionError: [Errno 13] Отказано в доступе: '/var/lib/odoo'
2025-08-19 09:48:13,480 18692 INFO ? werkzeug: 127.0.0.1 - - [19/Aug/2025 09:48:13] "GET /websocket?version=18.0-5 HTTP/1.1" 500 - 0 0.000 0.001
2025-08-19 09:48:37,381 18700 ERROR odoo_db odoo.sql_db: bad query: b"\n            SELECT latest_version\n            FROM ir_module_module\n             WHERE name='base'\n        "
ERROR: relation "ir_module_module" does not exist
LINE 3:             FROM ir_module_module
                         ^
 
2025-08-19 09:48:37,381 18700 WARNING odoo_db odoo.addons.base.models.ir_cron: Tried to poll an undefined table on database odoo_db. 
2025-08-19 09:48:57,026 18692 INFO odoo_db odoo.service.server: Worker (18692) exiting. request_count: 3, registry count: 0. 
2025-08-19 09:48:57,026 18690 INFO odoo_db odoo.service.server: Worker (18690) exiting. request_count: 0, registry count: 0. 
2025-08-19 09:48:57,026 18694 INFO odoo_db odoo.service.server: Worker (18694) exiting. request_count: 0, registry count: 0. 
2025-08-19 09:48:57,026 18689 INFO odoo_db odoo.service.server: Worker (18689) exiting. request_count: 1, registry count: 0. 
2025-08-19 09:48:57,026 18679 INFO odoo_db odoo.service.server: Stopping gracefully 
2025-08-19 09:48:57,106 18698 INFO odoo_db odoo.service.server: Worker (18698) exiting. request_count: 3, registry count: 0. 
2025-08-19 09:48:57,128 18700 INFO odoo_db odoo.service.server: Worker (18700) exiting. request_count: 4, registry count: 0. 
2025-08-19 09:49:56,637 19538 DEBUG ? odoo.netsvc: logger level set: "odoo.http.rpc.request:INFO" 
2025-08-19 09:49:56,637 19538 DEBUG ? odoo.netsvc: logger level set: "odoo.http.rpc.response:INFO" 
2025-08-19 09:49:56,637 19538 DEBUG ? odoo.netsvc: logger level set: ":INFO" 
2025-08-19 09:49:56,637 19538 DEBUG ? odoo.netsvc: logger level set: "odoo:DEBUG" 
2025-08-19 09:49:56,637 19538 DEBUG ? odoo.netsvc: logger level set: "odoo.sql_db:INFO" 
2025-08-19 09:49:56,637 19538 DEBUG ? odoo.netsvc: logger level set: ":INFO" 
2025-08-19 09:49:56,637 19538 DEBUG ? odoo.tools.config: Failed to create addons data dir /var/lib/odoo/addons/18.0 
2025-08-19 09:49:56,637 19538 INFO ? odoo: Odoo version 18.0 
2025-08-19 09:49:56,638 19538 INFO ? odoo: Using configuration file at /home/mikita/project/odoo/odoo/odoo.conf 
2025-08-19 09:49:56,638 19538 INFO ? odoo: addons paths: ['/home/mikita/project/odoo/odoo/odoo/addons', '/home/mikita/project/odoo/addons', '/home/mikita/project/odoo/odoo/addons'] 
2025-08-19 09:49:56,638 19538 INFO ? odoo: database: odoo@localhost:5432 
2025-08-19 09:49:56,711 19538 INFO ? odoo.addons.base.models.ir_actions_report: You need Wkhtmltopdf to print a pdf version of the reports. 
2025-08-19 09:49:56,711 19538 INFO ? odoo.addons.base.models.ir_actions_report: You need Wkhtmltoimage to generate images from html. 
2025-08-19 09:49:56,808 19538 INFO ? odoo.service.server: HTTP service (werkzeug) running on 0.0.0.0:8069 
2025-08-19 09:49:56,822 19538 ERROR odoo_db odoo.sql_db: bad query: b'CREATE SEQUENCE "base_registry_signaling" INCREMENT BY 1 START WITH 1'
ERROR: permission denied for schema public
 
2025-08-19 09:49:56,822 19538 ERROR odoo_db odoo.modules.registry: Failed to load registry 
2025-08-19 09:49:56,822 19538 CRITICAL odoo_db odoo.service.server: Failed to initialize database `odoo_db`. 
Traceback (most recent call last):
  File "/home/mikita/project/odoo/odoo/odoo/service/server.py", line 1361, in preload_registries
    registry = Registry.new(dbname, update_module=update_module)
               ^^^^^^^^^^^^^^^^^^^^^^^^^^^^^^^^^^^^^^^^^^^^^^^^^
  File "/home/mikita/project/odoo/odoo/venv/lib/python3.12/site-packages/decorator.py", line 232, in fun
    return caller(func, *(extras + args), **kw)
           ^^^^^^^^^^^^^^^^^^^^^^^^^^^^^^^^^^^^
  File "/home/mikita/project/odoo/odoo/odoo/tools/func.py", line 97, in locked
    return func(inst, *args, **kwargs)
           ^^^^^^^^^^^^^^^^^^^^^^^^^^^
  File "/home/mikita/project/odoo/odoo/odoo/modules/registry.py", line 126, in new
    registry.setup_signaling()
  File "/home/mikita/project/odoo/odoo/odoo/modules/registry.py", line 847, in setup_signaling
    cr.execute(SQL(
  File "/home/mikita/project/odoo/odoo/odoo/sql_db.py", line 357, in execute
    res = self._obj.execute(query, params)
          ^^^^^^^^^^^^^^^^^^^^^^^^^^^^^^^^
psycopg2.errors.InsufficientPrivilege: permission denied for schema public

2025-08-19 09:49:56,823 19538 INFO odoo_db odoo.sql_db: ConnectionPool(read/write;used=0/count=0/max=64): Closed 1 connections  
2025-08-19 09:49:56,823 19538 DEBUG odoo_db odoo.service.server: Multiprocess starting 
2025-08-19 09:49:56,826 19542 INFO odoo_db odoo.service.server: Worker WorkerHTTP (19542) alive 
2025-08-19 09:49:56,828 19543 INFO odoo_db odoo.service.server: Worker WorkerHTTP (19543) alive 
2025-08-19 09:49:56,829 19545 INFO odoo_db odoo.service.server: Worker WorkerHTTP (19545) alive 
2025-08-19 09:49:56,830 19546 INFO odoo_db odoo.service.server: Worker WorkerHTTP (19546) alive 
2025-08-19 09:49:56,832 19550 INFO odoo_db odoo.service.server: Worker WorkerCron (19550) alive 
2025-08-19 09:49:56,833 19552 INFO odoo_db odoo.service.server: Worker WorkerCron (19552) alive 
2025-08-19 09:49:57,304 19548 DEBUG ? odoo.netsvc: logger level set: "odoo.http.rpc.request:INFO" 
2025-08-19 09:49:57,304 19548 DEBUG ? odoo.netsvc: logger level set: "odoo.http.rpc.response:INFO" 
2025-08-19 09:49:57,304 19548 DEBUG ? odoo.netsvc: logger level set: ":INFO" 
2025-08-19 09:49:57,305 19548 DEBUG ? odoo.netsvc: logger level set: "odoo:DEBUG" 
2025-08-19 09:49:57,305 19548 DEBUG ? odoo.netsvc: logger level set: "odoo.sql_db:INFO" 
2025-08-19 09:49:57,305 19548 DEBUG ? odoo.netsvc: logger level set: ":INFO" 
2025-08-19 09:49:57,305 19548 DEBUG ? odoo.tools.config: Failed to create addons data dir /var/lib/odoo/addons/18.0 
2025-08-19 09:49:57,305 19548 INFO ? odoo: Odoo version 18.0 
2025-08-19 09:49:57,305 19548 INFO ? odoo: Using configuration file at /home/mikita/project/odoo/odoo/odoo.conf 
2025-08-19 09:49:57,305 19548 INFO ? odoo: addons paths: ['/home/mikita/project/odoo/odoo/odoo/addons', '/home/mikita/project/odoo/addons', '/home/mikita/project/odoo/odoo/addons'] 
2025-08-19 09:49:57,305 19548 INFO ? odoo: database: odoo@localhost:5432 
2025-08-19 09:49:57,377 19548 INFO ? odoo.addons.base.models.ir_actions_report: You need Wkhtmltopdf to print a pdf version of the reports. 
2025-08-19 09:49:57,377 19548 INFO ? odoo.addons.base.models.ir_actions_report: You need Wkhtmltoimage to generate images from html. 
2025-08-19 09:49:57,478 19548 INFO ? odoo.service.server: Evented Service (longpolling) running on 0.0.0.0:8072 
2025-08-19 09:50:14,764 19545 ERROR ? odoo.http: Exception during request handling. 
Traceback (most recent call last):
  File "/home/mikita/project/odoo/odoo/odoo/http.py", line 2546, in __call__
    request._post_init()
  File "/home/mikita/project/odoo/odoo/odoo/http.py", line 1632, in _post_init
    self.session, self.db = self._get_session_and_dbname()
                            ^^^^^^^^^^^^^^^^^^^^^^^^^^^^^^
  File "/home/mikita/project/odoo/odoo/odoo/http.py", line 1637, in _get_session_and_dbname
    if not sid or not root.session_store.is_valid_key(sid):
                      ^^^^^^^^^^^^^^^^^^
  File "/home/mikita/project/odoo/odoo/odoo/tools/func.py", line 42, in __get__
    value = self.fget(obj)
            ^^^^^^^^^^^^^^
  File "/home/mikita/project/odoo/odoo/odoo/http.py", line 2471, in session_store
    path = odoo.tools.config.session_dir
           ^^^^^^^^^^^^^^^^^^^^^^^^^^^^^
  File "/home/mikita/project/odoo/odoo/odoo/tools/config.py", line 803, in session_dir
    os.makedirs(d, 0o700)
  File "<frozen os>", line 215, in makedirs
  File "<frozen os>", line 225, in makedirs
PermissionError: [Errno 13] Отказано в доступе: '/var/lib/odoo'
2025-08-19 09:50:14,765 19545 INFO ? werkzeug: 127.0.0.1 - - [19/Aug/2025 09:50:14] "GET /websocket?version=18.0-5 HTTP/1.1" 500 - 0 0.000 0.002
2025-08-19 09:50:33,004 19538 DEBUG odoo_db odoo.service.server: Multiprocess clean stop 
2025-08-19 09:50:33,005 19543 INFO odoo_db odoo.service.server: Worker (19543) exiting. request_count: 0, registry count: 0. 
2025-08-19 09:50:33,005 19542 INFO odoo_db odoo.service.server: Worker (19542) exiting. request_count: 0, registry count: 0. 
2025-08-19 09:50:33,005 19546 INFO odoo_db odoo.service.server: Worker (19546) exiting. request_count: 0, registry count: 0. 
2025-08-19 09:50:33,005 19545 INFO odoo_db odoo.service.server: Worker (19545) exiting. request_count: 1, registry count: 0. 
2025-08-19 09:50:33,005 19538 INFO odoo_db odoo.service.server: Stopping gracefully 
2025-08-19 09:50:33,024 19552 INFO odoo_db odoo.service.server: Worker (19552) exiting. request_count: 0, registry count: 0. 
2025-08-19 09:50:33,104 19550 INFO odoo_db odoo.service.server: Worker (19550) exiting. request_count: 0, registry count: 0. 
2025-08-19 09:50:33,206 19538 DEBUG odoo_db odoo.service.server: Worker (19542) unregistered 
2025-08-19 09:50:33,206 19538 DEBUG odoo_db odoo.service.server: Worker (19543) unregistered 
2025-08-19 09:50:33,206 19538 DEBUG odoo_db odoo.service.server: Worker (19545) unregistered 
2025-08-19 09:50:33,206 19538 DEBUG odoo_db odoo.service.server: Worker (19546) unregistered 
2025-08-19 09:50:33,206 19538 DEBUG odoo_db odoo.service.server: Worker (19552) unregistered 
2025-08-19 09:50:33,306 19538 DEBUG odoo_db odoo.service.server: Worker (19550) unregistered 
2025-08-19 09:50:40,184 19717 DEBUG ? odoo.netsvc: logger level set: "odoo.http.rpc.request:INFO" 
2025-08-19 09:50:40,184 19717 DEBUG ? odoo.netsvc: logger level set: "odoo.http.rpc.response:INFO" 
2025-08-19 09:50:40,184 19717 DEBUG ? odoo.netsvc: logger level set: ":INFO" 
2025-08-19 09:50:40,184 19717 DEBUG ? odoo.netsvc: logger level set: "odoo:DEBUG" 
2025-08-19 09:50:40,185 19717 DEBUG ? odoo.netsvc: logger level set: "odoo.sql_db:INFO" 
2025-08-19 09:50:40,185 19717 DEBUG ? odoo.netsvc: logger level set: ":INFO" 
2025-08-19 09:50:40,185 19717 DEBUG ? odoo.tools.config: Failed to create addons data dir /var/lib/odoo/addons/18.0 
2025-08-19 09:50:40,185 19717 INFO ? odoo: Odoo version 18.0 
2025-08-19 09:50:40,185 19717 INFO ? odoo: Using configuration file at /home/mikita/project/odoo/odoo/odoo.conf 
2025-08-19 09:50:40,185 19717 INFO ? odoo: addons paths: ['/home/mikita/project/odoo/odoo/odoo/addons', '/home/mikita/project/odoo/addons', '/home/mikita/project/odoo/odoo/addons'] 
2025-08-19 09:50:40,185 19717 INFO ? odoo: database: odoo@localhost:5432 
2025-08-19 09:50:40,263 19717 INFO ? odoo.addons.base.models.ir_actions_report: You need Wkhtmltopdf to print a pdf version of the reports. 
2025-08-19 09:50:40,263 19717 INFO ? odoo.addons.base.models.ir_actions_report: You need Wkhtmltoimage to generate images from html. 
2025-08-19 09:50:40,363 19717 INFO ? odoo.service.server: HTTP service (werkzeug) running on 0.0.0.0:8069 
2025-08-19 09:50:40,375 19717 ERROR odoo_db odoo.sql_db: bad query: b'CREATE SEQUENCE "base_registry_signaling" INCREMENT BY 1 START WITH 1'
ERROR: permission denied for schema public
 
2025-08-19 09:50:40,375 19717 ERROR odoo_db odoo.modules.registry: Failed to load registry 
2025-08-19 09:50:40,375 19717 CRITICAL odoo_db odoo.service.server: Failed to initialize database `odoo_db`. 
Traceback (most recent call last):
  File "/home/mikita/project/odoo/odoo/odoo/service/server.py", line 1361, in preload_registries
    registry = Registry.new(dbname, update_module=update_module)
               ^^^^^^^^^^^^^^^^^^^^^^^^^^^^^^^^^^^^^^^^^^^^^^^^^
  File "/home/mikita/project/odoo/odoo/venv/lib/python3.12/site-packages/decorator.py", line 232, in fun
    return caller(func, *(extras + args), **kw)
           ^^^^^^^^^^^^^^^^^^^^^^^^^^^^^^^^^^^^
  File "/home/mikita/project/odoo/odoo/odoo/tools/func.py", line 97, in locked
    return func(inst, *args, **kwargs)
           ^^^^^^^^^^^^^^^^^^^^^^^^^^^
  File "/home/mikita/project/odoo/odoo/odoo/modules/registry.py", line 126, in new
    registry.setup_signaling()
  File "/home/mikita/project/odoo/odoo/odoo/modules/registry.py", line 847, in setup_signaling
    cr.execute(SQL(
  File "/home/mikita/project/odoo/odoo/odoo/sql_db.py", line 357, in execute
    res = self._obj.execute(query, params)
          ^^^^^^^^^^^^^^^^^^^^^^^^^^^^^^^^
psycopg2.errors.InsufficientPrivilege: permission denied for schema public

2025-08-19 09:50:40,376 19717 INFO odoo_db odoo.sql_db: ConnectionPool(read/write;used=0/count=0/max=64): Closed 1 connections  
2025-08-19 09:50:40,376 19717 DEBUG odoo_db odoo.service.server: Multiprocess starting 
2025-08-19 09:50:40,379 19727 INFO odoo_db odoo.service.server: Worker WorkerHTTP (19727) alive 
2025-08-19 09:50:40,381 19728 INFO odoo_db odoo.service.server: Worker WorkerHTTP (19728) alive 
2025-08-19 09:50:40,382 19730 INFO odoo_db odoo.service.server: Worker WorkerHTTP (19730) alive 
2025-08-19 09:50:40,384 19732 INFO odoo_db odoo.service.server: Worker WorkerHTTP (19732) alive 
2025-08-19 09:50:40,386 19736 INFO odoo_db odoo.service.server: Worker WorkerCron (19736) alive 
2025-08-19 09:50:40,387 19737 INFO odoo_db odoo.service.server: Worker WorkerCron (19737) alive 
2025-08-19 09:50:40,868 19733 DEBUG ? odoo.netsvc: logger level set: "odoo.http.rpc.request:INFO" 
2025-08-19 09:50:40,868 19733 DEBUG ? odoo.netsvc: logger level set: "odoo.http.rpc.response:INFO" 
2025-08-19 09:50:40,868 19733 DEBUG ? odoo.netsvc: logger level set: ":INFO" 
2025-08-19 09:50:40,868 19733 DEBUG ? odoo.netsvc: logger level set: "odoo:DEBUG" 
2025-08-19 09:50:40,868 19733 DEBUG ? odoo.netsvc: logger level set: "odoo.sql_db:INFO" 
2025-08-19 09:50:40,868 19733 DEBUG ? odoo.netsvc: logger level set: ":INFO" 
2025-08-19 09:50:40,868 19733 DEBUG ? odoo.tools.config: Failed to create addons data dir /var/lib/odoo/addons/18.0 
2025-08-19 09:50:40,869 19733 INFO ? odoo: Odoo version 18.0 
2025-08-19 09:50:40,869 19733 INFO ? odoo: Using configuration file at /home/mikita/project/odoo/odoo/odoo.conf 
2025-08-19 09:50:40,869 19733 INFO ? odoo: addons paths: ['/home/mikita/project/odoo/odoo/odoo/addons', '/home/mikita/project/odoo/addons', '/home/mikita/project/odoo/odoo/addons'] 
2025-08-19 09:50:40,869 19733 INFO ? odoo: database: odoo@localhost:5432 
2025-08-19 09:50:40,940 19733 INFO ? odoo.addons.base.models.ir_actions_report: You need Wkhtmltopdf to print a pdf version of the reports. 
2025-08-19 09:50:40,940 19733 INFO ? odoo.addons.base.models.ir_actions_report: You need Wkhtmltoimage to generate images from html. 
2025-08-19 09:50:41,042 19733 INFO ? odoo.service.server: Evented Service (longpolling) running on 0.0.0.0:8072 
2025-08-19 09:51:15,848 19728 ERROR ? odoo.http: Exception during request handling. 
Traceback (most recent call last):
  File "/home/mikita/project/odoo/odoo/odoo/http.py", line 2546, in __call__
    request._post_init()
  File "/home/mikita/project/odoo/odoo/odoo/http.py", line 1632, in _post_init
    self.session, self.db = self._get_session_and_dbname()
                            ^^^^^^^^^^^^^^^^^^^^^^^^^^^^^^
  File "/home/mikita/project/odoo/odoo/odoo/http.py", line 1637, in _get_session_and_dbname
    if not sid or not root.session_store.is_valid_key(sid):
                      ^^^^^^^^^^^^^^^^^^
  File "/home/mikita/project/odoo/odoo/odoo/tools/func.py", line 42, in __get__
    value = self.fget(obj)
            ^^^^^^^^^^^^^^
  File "/home/mikita/project/odoo/odoo/odoo/http.py", line 2471, in session_store
    path = odoo.tools.config.session_dir
           ^^^^^^^^^^^^^^^^^^^^^^^^^^^^^
  File "/home/mikita/project/odoo/odoo/odoo/tools/config.py", line 803, in session_dir
    os.makedirs(d, 0o700)
  File "<frozen os>", line 215, in makedirs
  File "<frozen os>", line 225, in makedirs
PermissionError: [Errno 13] Отказано в доступе: '/var/lib/odoo'
2025-08-19 09:51:15,851 19728 INFO ? werkzeug: 127.0.0.1 - - [19/Aug/2025 09:51:15] "GET /websocket?version=18.0-5 HTTP/1.1" 500 - 0 0.000 0.005
2025-08-19 09:51:38,396 19717 DEBUG odoo_db odoo.service.server: Multiprocess clean stop 
2025-08-19 09:51:38,397 19730 INFO odoo_db odoo.service.server: Worker (19730) exiting. request_count: 0, registry count: 0. 
2025-08-19 09:51:38,397 19732 INFO odoo_db odoo.service.server: Worker (19732) exiting. request_count: 0, registry count: 0. 
2025-08-19 09:51:38,397 19727 INFO odoo_db odoo.service.server: Worker (19727) exiting. request_count: 0, registry count: 0. 
2025-08-19 09:51:38,397 19728 INFO odoo_db odoo.service.server: Worker (19728) exiting. request_count: 1, registry count: 0. 
2025-08-19 09:51:38,397 19717 INFO odoo_db odoo.service.server: Stopping gracefully 
2025-08-19 09:51:38,456 19736 INFO odoo_db odoo.service.server: Worker (19736) exiting. request_count: 0, registry count: 0. 
2025-08-19 09:51:38,466 19737 INFO odoo_db odoo.service.server: Worker (19737) exiting. request_count: 0, registry count: 0. 
2025-08-19 09:51:38,598 19717 DEBUG odoo_db odoo.service.server: Worker (19730) unregistered 
2025-08-19 09:51:38,598 19717 DEBUG odoo_db odoo.service.server: Worker (19732) unregistered 
2025-08-19 09:51:38,698 19717 DEBUG odoo_db odoo.service.server: Worker (19727) unregistered 
2025-08-19 09:51:38,699 19717 DEBUG odoo_db odoo.service.server: Worker (19728) unregistered 
2025-08-19 09:51:38,699 19717 DEBUG odoo_db odoo.service.server: Worker (19736) unregistered 
2025-08-19 09:51:38,699 19717 DEBUG odoo_db odoo.service.server: Worker (19737) unregistered 
2025-08-19 11:08:48,700 34786 INFO ? odoo: Odoo version 18.0 
2025-08-19 11:08:48,701 34786 INFO ? odoo: Using configuration file at /home/mikita/project/odoo/odoo/odoo.conf 
2025-08-19 11:08:48,701 34786 INFO ? odoo: addons paths: ['/home/mikita/project/odoo/odoo/odoo/addons', '/home/mikita/project/odoo/addons', '/home/mikita/project/odoo/odoo/addons', '/home/mikita/project/odoo/odoo/custom_addons'] 
2025-08-19 11:08:48,701 34786 INFO ? odoo: database: odoo@localhost:5432 
2025-08-19 11:08:48,773 34786 INFO ? odoo.addons.base.models.ir_actions_report: You need Wkhtmltopdf to print a pdf version of the reports. 
2025-08-19 11:08:48,773 34786 INFO ? odoo.addons.base.models.ir_actions_report: You need Wkhtmltoimage to generate images from html. 
2025-08-19 11:08:48,870 34786 INFO ? odoo.service.server: HTTP service (werkzeug) running on 0.0.0.0:8069 
2025-08-19 11:08:48,882 34786 ERROR odoo_db odoo.sql_db: bad query: b'CREATE SEQUENCE "base_registry_signaling" INCREMENT BY 1 START WITH 1'
ERROR: relation "base_registry_signaling" already exists
 
2025-08-19 11:08:48,882 34786 ERROR odoo_db odoo.modules.registry: Failed to load registry 
2025-08-19 11:08:48,882 34786 CRITICAL odoo_db odoo.service.server: Failed to initialize database `odoo_db`. 
Traceback (most recent call last):
  File "/home/mikita/project/odoo/odoo/odoo/service/server.py", line 1361, in preload_registries
    registry = Registry.new(dbname, update_module=update_module)
               ^^^^^^^^^^^^^^^^^^^^^^^^^^^^^^^^^^^^^^^^^^^^^^^^^
  File "/home/mikita/project/odoo/odoo/venv/lib/python3.12/site-packages/decorator.py", line 232, in fun
    return caller(func, *(extras + args), **kw)
           ^^^^^^^^^^^^^^^^^^^^^^^^^^^^^^^^^^^^
  File "/home/mikita/project/odoo/odoo/odoo/tools/func.py", line 97, in locked
    return func(inst, *args, **kwargs)
           ^^^^^^^^^^^^^^^^^^^^^^^^^^^
  File "/home/mikita/project/odoo/odoo/odoo/modules/registry.py", line 126, in new
    registry.setup_signaling()
  File "/home/mikita/project/odoo/odoo/odoo/modules/registry.py", line 847, in setup_signaling
    cr.execute(SQL(
  File "/home/mikita/project/odoo/odoo/odoo/sql_db.py", line 357, in execute
    res = self._obj.execute(query, params)
          ^^^^^^^^^^^^^^^^^^^^^^^^^^^^^^^^
psycopg2.errors.DuplicateTable: relation "base_registry_signaling" already exists

2025-08-19 11:08:48,883 34786 INFO odoo_db odoo.sql_db: ConnectionPool(read/write;used=0/count=0/max=64): Closed 1 connections  
2025-08-19 11:08:48,886 34792 INFO odoo_db odoo.service.server: Worker WorkerHTTP (34792) alive 
2025-08-19 11:08:48,888 34793 INFO odoo_db odoo.service.server: Worker WorkerHTTP (34793) alive 
2025-08-19 11:08:48,889 34795 INFO odoo_db odoo.service.server: Worker WorkerHTTP (34795) alive 
2025-08-19 11:08:48,891 34797 INFO odoo_db odoo.service.server: Worker WorkerHTTP (34797) alive 
2025-08-19 11:08:48,893 34801 INFO odoo_db odoo.service.server: Worker WorkerCron (34801) alive 
2025-08-19 11:08:48,894 34802 INFO odoo_db odoo.service.server: Worker WorkerCron (34802) alive 
2025-08-19 11:08:49,359 34798 INFO ? odoo: Odoo version 18.0 
2025-08-19 11:08:49,359 34798 INFO ? odoo: Using configuration file at /home/mikita/project/odoo/odoo/odoo.conf 
2025-08-19 11:08:49,359 34798 INFO ? odoo: addons paths: ['/home/mikita/project/odoo/odoo/odoo/addons', '/home/mikita/project/odoo/addons', '/home/mikita/project/odoo/odoo/addons', '/home/mikita/project/odoo/odoo/custom_addons'] 
2025-08-19 11:08:49,359 34798 INFO ? odoo: database: odoo@localhost:5432 
2025-08-19 11:08:49,432 34798 INFO ? odoo.addons.base.models.ir_actions_report: You need Wkhtmltopdf to print a pdf version of the reports. 
2025-08-19 11:08:49,432 34798 INFO ? odoo.addons.base.models.ir_actions_report: You need Wkhtmltoimage to generate images from html. 
2025-08-19 11:08:49,528 34798 INFO ? odoo.service.server: Evented Service (longpolling) running on 0.0.0.0:8072 
2025-08-19 11:08:56,706 34797 ERROR ? odoo.http: Exception during request handling. 
Traceback (most recent call last):
  File "/home/mikita/project/odoo/odoo/odoo/http.py", line 2546, in __call__
    request._post_init()
  File "/home/mikita/project/odoo/odoo/odoo/http.py", line 1632, in _post_init
    self.session, self.db = self._get_session_and_dbname()
                            ^^^^^^^^^^^^^^^^^^^^^^^^^^^^^^
  File "/home/mikita/project/odoo/odoo/odoo/http.py", line 1637, in _get_session_and_dbname
    if not sid or not root.session_store.is_valid_key(sid):
                      ^^^^^^^^^^^^^^^^^^
  File "/home/mikita/project/odoo/odoo/odoo/tools/func.py", line 42, in __get__
    value = self.fget(obj)
            ^^^^^^^^^^^^^^
  File "/home/mikita/project/odoo/odoo/odoo/http.py", line 2471, in session_store
    path = odoo.tools.config.session_dir
           ^^^^^^^^^^^^^^^^^^^^^^^^^^^^^
  File "/home/mikita/project/odoo/odoo/odoo/tools/config.py", line 803, in session_dir
    os.makedirs(d, 0o700)
  File "<frozen os>", line 215, in makedirs
  File "<frozen os>", line 225, in makedirs
PermissionError: [Errno 13] Отказано в доступе: '/var/lib/odoo'
2025-08-19 11:08:56,714 34797 INFO ? werkzeug: 127.0.0.1 - - [19/Aug/2025 11:08:56] "GET /websocket?version=18.0-5 HTTP/1.1" 500 - 0 0.000 0.010
2025-08-19 11:09:09,151 34797 ERROR ? odoo.http: Exception during request handling. 
Traceback (most recent call last):
  File "/home/mikita/project/odoo/odoo/odoo/http.py", line 2546, in __call__
    request._post_init()
  File "/home/mikita/project/odoo/odoo/odoo/http.py", line 1632, in _post_init
    self.session, self.db = self._get_session_and_dbname()
                            ^^^^^^^^^^^^^^^^^^^^^^^^^^^^^^
  File "/home/mikita/project/odoo/odoo/odoo/http.py", line 1637, in _get_session_and_dbname
    if not sid or not root.session_store.is_valid_key(sid):
                      ^^^^^^^^^^^^^^^^^^
  File "/home/mikita/project/odoo/odoo/odoo/tools/func.py", line 42, in __get__
    value = self.fget(obj)
            ^^^^^^^^^^^^^^
  File "/home/mikita/project/odoo/odoo/odoo/http.py", line 2471, in session_store
    path = odoo.tools.config.session_dir
           ^^^^^^^^^^^^^^^^^^^^^^^^^^^^^
  File "/home/mikita/project/odoo/odoo/odoo/tools/config.py", line 803, in session_dir
    os.makedirs(d, 0o700)
  File "<frozen os>", line 215, in makedirs
  File "<frozen os>", line 225, in makedirs
PermissionError: [Errno 13] Отказано в доступе: '/var/lib/odoo'
2025-08-19 11:09:09,153 34797 INFO ? werkzeug: 127.0.0.1 - - [19/Aug/2025 11:09:09] "GET /websocket?version=18.0-5 HTTP/1.1" 500 - 0 0.000 0.003
2025-08-19 11:09:28,214 34797 ERROR ? odoo.http: Exception during request handling. 
Traceback (most recent call last):
  File "/home/mikita/project/odoo/odoo/odoo/http.py", line 2546, in __call__
    request._post_init()
  File "/home/mikita/project/odoo/odoo/odoo/http.py", line 1632, in _post_init
    self.session, self.db = self._get_session_and_dbname()
                            ^^^^^^^^^^^^^^^^^^^^^^^^^^^^^^
  File "/home/mikita/project/odoo/odoo/odoo/http.py", line 1637, in _get_session_and_dbname
    if not sid or not root.session_store.is_valid_key(sid):
                      ^^^^^^^^^^^^^^^^^^
  File "/home/mikita/project/odoo/odoo/odoo/tools/func.py", line 42, in __get__
    value = self.fget(obj)
            ^^^^^^^^^^^^^^
  File "/home/mikita/project/odoo/odoo/odoo/http.py", line 2471, in session_store
    path = odoo.tools.config.session_dir
           ^^^^^^^^^^^^^^^^^^^^^^^^^^^^^
  File "/home/mikita/project/odoo/odoo/odoo/tools/config.py", line 803, in session_dir
    os.makedirs(d, 0o700)
  File "<frozen os>", line 215, in makedirs
  File "<frozen os>", line 225, in makedirs
PermissionError: [Errno 13] Отказано в доступе: '/var/lib/odoo'
2025-08-19 11:09:28,214 34797 INFO ? werkzeug: 127.0.0.1 - - [19/Aug/2025 11:09:28] "GET /websocket?version=18.0-5 HTTP/1.1" 500 - 0 0.000 0.001
2025-08-19 11:09:49,941 34801 ERROR odoo_db odoo.sql_db: bad query: b"\n            SELECT latest_version\n            FROM ir_module_module\n             WHERE name='base'\n        "
ERROR: permission denied for table ir_module_module
 
2025-08-19 11:09:49,942 34801 ERROR ? odoo.service.server: Worker WorkerCron (34801) Exception occurred, exiting... 
Traceback (most recent call last):
  File "/home/mikita/project/odoo/odoo/odoo/service/server.py", line 1160, in _runloop
    self.process_work()
  File "/home/mikita/project/odoo/odoo/odoo/service/server.py", line 1259, in process_work
    base.models.ir_cron.ir_cron._process_jobs(db_name)
  File "/home/mikita/project/odoo/odoo/odoo/addons/base/models/ir_cron.py", line 133, in _process_jobs
    cls._check_version(cron_cr)
  File "/home/mikita/project/odoo/odoo/odoo/addons/base/models/ir_cron.py", line 173, in _check_version
    cron_cr.execute("""
  File "/home/mikita/project/odoo/odoo/odoo/sql_db.py", line 357, in execute
    res = self._obj.execute(query, params)
          ^^^^^^^^^^^^^^^^^^^^^^^^^^^^^^^^
psycopg2.errors.InsufficientPrivilege: permission denied for table ir_module_module

2025-08-19 11:09:49,942 34801 INFO odoo_db odoo.service.server: Worker (34801) exiting. request_count: 0, registry count: 0. 
2025-08-19 11:09:50,050 34992 INFO odoo_db odoo.service.server: Worker WorkerCron (34992) alive 
2025-08-19 11:09:50,955 34802 ERROR odoo_db odoo.sql_db: bad query: b"\n            SELECT latest_version\n            FROM ir_module_module\n             WHERE name='base'\n        "
ERROR: permission denied for table ir_module_module
 
2025-08-19 11:09:50,955 34802 ERROR ? odoo.service.server: Worker WorkerCron (34802) Exception occurred, exiting... 
Traceback (most recent call last):
  File "/home/mikita/project/odoo/odoo/odoo/service/server.py", line 1160, in _runloop
    self.process_work()
  File "/home/mikita/project/odoo/odoo/odoo/service/server.py", line 1259, in process_work
    base.models.ir_cron.ir_cron._process_jobs(db_name)
  File "/home/mikita/project/odoo/odoo/odoo/addons/base/models/ir_cron.py", line 133, in _process_jobs
    cls._check_version(cron_cr)
  File "/home/mikita/project/odoo/odoo/odoo/addons/base/models/ir_cron.py", line 173, in _check_version
    cron_cr.execute("""
  File "/home/mikita/project/odoo/odoo/odoo/sql_db.py", line 357, in execute
    res = self._obj.execute(query, params)
          ^^^^^^^^^^^^^^^^^^^^^^^^^^^^^^^^
psycopg2.errors.InsufficientPrivilege: permission denied for table ir_module_module

2025-08-19 11:09:50,956 34802 INFO odoo_db odoo.service.server: Worker (34802) exiting. request_count: 0, registry count: 0. 
2025-08-19 11:09:51,065 34996 INFO odoo_db odoo.service.server: Worker WorkerCron (34996) alive 
2025-08-19 11:09:56,512 34795 ERROR ? odoo.http: Exception during request handling. 
Traceback (most recent call last):
  File "/home/mikita/project/odoo/odoo/odoo/http.py", line 2546, in __call__
    request._post_init()
  File "/home/mikita/project/odoo/odoo/odoo/http.py", line 1632, in _post_init
    self.session, self.db = self._get_session_and_dbname()
                            ^^^^^^^^^^^^^^^^^^^^^^^^^^^^^^
  File "/home/mikita/project/odoo/odoo/odoo/http.py", line 1637, in _get_session_and_dbname
    if not sid or not root.session_store.is_valid_key(sid):
                      ^^^^^^^^^^^^^^^^^^
  File "/home/mikita/project/odoo/odoo/odoo/tools/func.py", line 42, in __get__
    value = self.fget(obj)
            ^^^^^^^^^^^^^^
  File "/home/mikita/project/odoo/odoo/odoo/http.py", line 2471, in session_store
    path = odoo.tools.config.session_dir
           ^^^^^^^^^^^^^^^^^^^^^^^^^^^^^
  File "/home/mikita/project/odoo/odoo/odoo/tools/config.py", line 803, in session_dir
    os.makedirs(d, 0o700)
  File "<frozen os>", line 215, in makedirs
  File "<frozen os>", line 225, in makedirs
PermissionError: [Errno 13] Отказано в доступе: '/var/lib/odoo'
2025-08-19 11:09:56,514 34795 INFO ? werkzeug: 127.0.0.1 - - [19/Aug/2025 11:09:56] "GET /websocket?version=18.0-5 HTTP/1.1" 500 - 0 0.000 0.002
2025-08-19 11:10:39,368 34795 ERROR ? odoo.http: Exception during request handling. 
Traceback (most recent call last):
  File "/home/mikita/project/odoo/odoo/odoo/http.py", line 2546, in __call__
    request._post_init()
  File "/home/mikita/project/odoo/odoo/odoo/http.py", line 1632, in _post_init
    self.session, self.db = self._get_session_and_dbname()
                            ^^^^^^^^^^^^^^^^^^^^^^^^^^^^^^
  File "/home/mikita/project/odoo/odoo/odoo/http.py", line 1637, in _get_session_and_dbname
    if not sid or not root.session_store.is_valid_key(sid):
                      ^^^^^^^^^^^^^^^^^^
  File "/home/mikita/project/odoo/odoo/odoo/tools/func.py", line 42, in __get__
    value = self.fget(obj)
            ^^^^^^^^^^^^^^
  File "/home/mikita/project/odoo/odoo/odoo/http.py", line 2471, in session_store
    path = odoo.tools.config.session_dir
           ^^^^^^^^^^^^^^^^^^^^^^^^^^^^^
  File "/home/mikita/project/odoo/odoo/odoo/tools/config.py", line 803, in session_dir
    os.makedirs(d, 0o700)
  File "<frozen os>", line 215, in makedirs
  File "<frozen os>", line 225, in makedirs
PermissionError: [Errno 13] Отказано в доступе: '/var/lib/odoo'
2025-08-19 11:10:39,370 34795 INFO ? werkzeug: 127.0.0.1 - - [19/Aug/2025 11:10:39] "GET /websocket?version=18.0-5 HTTP/1.1" 500 - 0 0.000 0.003
2025-08-19 11:10:52,203 34992 ERROR odoo_db odoo.sql_db: bad query: b"\n            SELECT latest_version\n            FROM ir_module_module\n             WHERE name='base'\n        "
ERROR: permission denied for table ir_module_module
 
2025-08-19 11:10:52,203 34992 ERROR ? odoo.service.server: Worker WorkerCron (34992) Exception occurred, exiting... 
Traceback (most recent call last):
  File "/home/mikita/project/odoo/odoo/odoo/service/server.py", line 1160, in _runloop
    self.process_work()
  File "/home/mikita/project/odoo/odoo/odoo/service/server.py", line 1259, in process_work
    base.models.ir_cron.ir_cron._process_jobs(db_name)
  File "/home/mikita/project/odoo/odoo/odoo/addons/base/models/ir_cron.py", line 133, in _process_jobs
    cls._check_version(cron_cr)
  File "/home/mikita/project/odoo/odoo/odoo/addons/base/models/ir_cron.py", line 173, in _check_version
    cron_cr.execute("""
  File "/home/mikita/project/odoo/odoo/odoo/sql_db.py", line 357, in execute
    res = self._obj.execute(query, params)
          ^^^^^^^^^^^^^^^^^^^^^^^^^^^^^^^^
psycopg2.errors.InsufficientPrivilege: permission denied for table ir_module_module

2025-08-19 11:10:52,204 34992 INFO odoo_db odoo.service.server: Worker (34992) exiting. request_count: 0, registry count: 0. 
2025-08-19 11:10:52,314 35111 INFO odoo_db odoo.service.server: Worker WorkerCron (35111) alive 
2025-08-19 11:10:57,258 34996 ERROR odoo_db odoo.sql_db: bad query: b"\n            SELECT latest_version\n            FROM ir_module_module\n             WHERE name='base'\n        "
ERROR: permission denied for table ir_module_module
 
2025-08-19 11:10:57,258 34996 ERROR ? odoo.service.server: Worker WorkerCron (34996) Exception occurred, exiting... 
Traceback (most recent call last):
  File "/home/mikita/project/odoo/odoo/odoo/service/server.py", line 1160, in _runloop
    self.process_work()
  File "/home/mikita/project/odoo/odoo/odoo/service/server.py", line 1259, in process_work
    base.models.ir_cron.ir_cron._process_jobs(db_name)
  File "/home/mikita/project/odoo/odoo/odoo/addons/base/models/ir_cron.py", line 133, in _process_jobs
    cls._check_version(cron_cr)
  File "/home/mikita/project/odoo/odoo/odoo/addons/base/models/ir_cron.py", line 173, in _check_version
    cron_cr.execute("""
  File "/home/mikita/project/odoo/odoo/odoo/sql_db.py", line 357, in execute
    res = self._obj.execute(query, params)
          ^^^^^^^^^^^^^^^^^^^^^^^^^^^^^^^^
psycopg2.errors.InsufficientPrivilege: permission denied for table ir_module_module

2025-08-19 11:10:57,259 34996 INFO odoo_db odoo.service.server: Worker (34996) exiting. request_count: 0, registry count: 0. 
2025-08-19 11:10:57,371 35141 INFO odoo_db odoo.service.server: Worker WorkerCron (35141) alive 
2025-08-19 11:11:39,480 34792 ERROR ? odoo.http: Exception during request handling. 
Traceback (most recent call last):
  File "/home/mikita/project/odoo/odoo/odoo/http.py", line 2546, in __call__
    request._post_init()
  File "/home/mikita/project/odoo/odoo/odoo/http.py", line 1632, in _post_init
    self.session, self.db = self._get_session_and_dbname()
                            ^^^^^^^^^^^^^^^^^^^^^^^^^^^^^^
  File "/home/mikita/project/odoo/odoo/odoo/http.py", line 1637, in _get_session_and_dbname
    if not sid or not root.session_store.is_valid_key(sid):
                      ^^^^^^^^^^^^^^^^^^
  File "/home/mikita/project/odoo/odoo/odoo/tools/func.py", line 42, in __get__
    value = self.fget(obj)
            ^^^^^^^^^^^^^^
  File "/home/mikita/project/odoo/odoo/odoo/http.py", line 2471, in session_store
    path = odoo.tools.config.session_dir
           ^^^^^^^^^^^^^^^^^^^^^^^^^^^^^
  File "/home/mikita/project/odoo/odoo/odoo/tools/config.py", line 803, in session_dir
    os.makedirs(d, 0o700)
  File "<frozen os>", line 215, in makedirs
  File "<frozen os>", line 225, in makedirs
PermissionError: [Errno 13] Отказано в доступе: '/var/lib/odoo'
2025-08-19 11:11:39,483 34792 INFO ? werkzeug: 127.0.0.1 - - [19/Aug/2025 11:11:39] "GET /websocket?version=18.0-5 HTTP/1.1" 500 - 0 0.000 0.002
2025-08-19 11:11:53,440 35111 ERROR odoo_db odoo.sql_db: bad query: b"\n            SELECT latest_version\n            FROM ir_module_module\n             WHERE name='base'\n        "
ERROR: permission denied for table ir_module_module
 
2025-08-19 11:11:53,440 35111 ERROR ? odoo.service.server: Worker WorkerCron (35111) Exception occurred, exiting... 
Traceback (most recent call last):
  File "/home/mikita/project/odoo/odoo/odoo/service/server.py", line 1160, in _runloop
    self.process_work()
  File "/home/mikita/project/odoo/odoo/odoo/service/server.py", line 1259, in process_work
    base.models.ir_cron.ir_cron._process_jobs(db_name)
  File "/home/mikita/project/odoo/odoo/odoo/addons/base/models/ir_cron.py", line 133, in _process_jobs
    cls._check_version(cron_cr)
  File "/home/mikita/project/odoo/odoo/odoo/addons/base/models/ir_cron.py", line 173, in _check_version
    cron_cr.execute("""
  File "/home/mikita/project/odoo/odoo/odoo/sql_db.py", line 357, in execute
    res = self._obj.execute(query, params)
          ^^^^^^^^^^^^^^^^^^^^^^^^^^^^^^^^
psycopg2.errors.InsufficientPrivilege: permission denied for table ir_module_module

2025-08-19 11:11:53,441 35111 INFO odoo_db odoo.service.server: Worker (35111) exiting. request_count: 0, registry count: 0. 
2025-08-19 11:11:53,545 35706 INFO odoo_db odoo.service.server: Worker WorkerCron (35706) alive 
2025-08-19 11:11:58,503 35141 ERROR odoo_db odoo.sql_db: bad query: b"\n            SELECT latest_version\n            FROM ir_module_module\n             WHERE name='base'\n        "
ERROR: permission denied for table ir_module_module
 
2025-08-19 11:11:58,503 35141 ERROR ? odoo.service.server: Worker WorkerCron (35141) Exception occurred, exiting... 
Traceback (most recent call last):
  File "/home/mikita/project/odoo/odoo/odoo/service/server.py", line 1160, in _runloop
    self.process_work()
  File "/home/mikita/project/odoo/odoo/odoo/service/server.py", line 1259, in process_work
    base.models.ir_cron.ir_cron._process_jobs(db_name)
  File "/home/mikita/project/odoo/odoo/odoo/addons/base/models/ir_cron.py", line 133, in _process_jobs
    cls._check_version(cron_cr)
  File "/home/mikita/project/odoo/odoo/odoo/addons/base/models/ir_cron.py", line 173, in _check_version
    cron_cr.execute("""
  File "/home/mikita/project/odoo/odoo/odoo/sql_db.py", line 357, in execute
    res = self._obj.execute(query, params)
          ^^^^^^^^^^^^^^^^^^^^^^^^^^^^^^^^
psycopg2.errors.InsufficientPrivilege: permission denied for table ir_module_module

2025-08-19 11:11:58,504 35141 INFO odoo_db odoo.service.server: Worker (35141) exiting. request_count: 0, registry count: 0. 
2025-08-19 11:11:58,609 35735 INFO odoo_db odoo.service.server: Worker WorkerCron (35735) alive 
2025-08-19 11:12:40,638 34793 ERROR ? odoo.http: Exception during request handling. 
Traceback (most recent call last):
  File "/home/mikita/project/odoo/odoo/odoo/http.py", line 2546, in __call__
    request._post_init()
  File "/home/mikita/project/odoo/odoo/odoo/http.py", line 1632, in _post_init
    self.session, self.db = self._get_session_and_dbname()
                            ^^^^^^^^^^^^^^^^^^^^^^^^^^^^^^
  File "/home/mikita/project/odoo/odoo/odoo/http.py", line 1637, in _get_session_and_dbname
    if not sid or not root.session_store.is_valid_key(sid):
                      ^^^^^^^^^^^^^^^^^^
  File "/home/mikita/project/odoo/odoo/odoo/tools/func.py", line 42, in __get__
    value = self.fget(obj)
            ^^^^^^^^^^^^^^
  File "/home/mikita/project/odoo/odoo/odoo/http.py", line 2471, in session_store
    path = odoo.tools.config.session_dir
           ^^^^^^^^^^^^^^^^^^^^^^^^^^^^^
  File "/home/mikita/project/odoo/odoo/odoo/tools/config.py", line 803, in session_dir
    os.makedirs(d, 0o700)
  File "<frozen os>", line 215, in makedirs
  File "<frozen os>", line 225, in makedirs
PermissionError: [Errno 13] Отказано в доступе: '/var/lib/odoo'
2025-08-19 11:12:40,641 34793 INFO ? werkzeug: 127.0.0.1 - - [19/Aug/2025 11:12:40] "GET /websocket?version=18.0-5 HTTP/1.1" 500 - 0 0.000 0.004
2025-08-19 11:12:59,747 35706 ERROR odoo_db odoo.sql_db: bad query: b"\n            SELECT latest_version\n            FROM ir_module_module\n             WHERE name='base'\n        "
ERROR: permission denied for table ir_module_module
 
2025-08-19 11:12:59,747 35706 ERROR ? odoo.service.server: Worker WorkerCron (35706) Exception occurred, exiting... 
Traceback (most recent call last):
  File "/home/mikita/project/odoo/odoo/odoo/service/server.py", line 1160, in _runloop
    self.process_work()
  File "/home/mikita/project/odoo/odoo/odoo/service/server.py", line 1259, in process_work
    base.models.ir_cron.ir_cron._process_jobs(db_name)
  File "/home/mikita/project/odoo/odoo/odoo/addons/base/models/ir_cron.py", line 133, in _process_jobs
    cls._check_version(cron_cr)
  File "/home/mikita/project/odoo/odoo/odoo/addons/base/models/ir_cron.py", line 173, in _check_version
    cron_cr.execute("""
  File "/home/mikita/project/odoo/odoo/odoo/sql_db.py", line 357, in execute
    res = self._obj.execute(query, params)
          ^^^^^^^^^^^^^^^^^^^^^^^^^^^^^^^^
psycopg2.errors.InsufficientPrivilege: permission denied for table ir_module_module

2025-08-19 11:12:59,748 35706 INFO odoo_db odoo.service.server: Worker (35706) exiting. request_count: 0, registry count: 0. 
2025-08-19 11:12:59,854 35823 INFO odoo_db odoo.service.server: Worker WorkerCron (35823) alive 
2025-08-19 11:13:03,781 35735 ERROR odoo_db odoo.sql_db: bad query: b"\n            SELECT latest_version\n            FROM ir_module_module\n             WHERE name='base'\n        "
ERROR: permission denied for table ir_module_module
 
2025-08-19 11:13:03,782 35735 ERROR ? odoo.service.server: Worker WorkerCron (35735) Exception occurred, exiting... 
Traceback (most recent call last):
  File "/home/mikita/project/odoo/odoo/odoo/service/server.py", line 1160, in _runloop
    self.process_work()
  File "/home/mikita/project/odoo/odoo/odoo/service/server.py", line 1259, in process_work
    base.models.ir_cron.ir_cron._process_jobs(db_name)
  File "/home/mikita/project/odoo/odoo/odoo/addons/base/models/ir_cron.py", line 133, in _process_jobs
    cls._check_version(cron_cr)
  File "/home/mikita/project/odoo/odoo/odoo/addons/base/models/ir_cron.py", line 173, in _check_version
    cron_cr.execute("""
  File "/home/mikita/project/odoo/odoo/odoo/sql_db.py", line 357, in execute
    res = self._obj.execute(query, params)
          ^^^^^^^^^^^^^^^^^^^^^^^^^^^^^^^^
psycopg2.errors.InsufficientPrivilege: permission denied for table ir_module_module

2025-08-19 11:13:03,782 35735 INFO odoo_db odoo.service.server: Worker (35735) exiting. request_count: 0, registry count: 0. 
2025-08-19 11:13:03,898 35856 INFO odoo_db odoo.service.server: Worker WorkerCron (35856) alive 
2025-08-19 11:13:41,389 34797 ERROR ? odoo.http: Exception during request handling. 
Traceback (most recent call last):
  File "/home/mikita/project/odoo/odoo/odoo/http.py", line 2546, in __call__
    request._post_init()
  File "/home/mikita/project/odoo/odoo/odoo/http.py", line 1632, in _post_init
    self.session, self.db = self._get_session_and_dbname()
                            ^^^^^^^^^^^^^^^^^^^^^^^^^^^^^^
  File "/home/mikita/project/odoo/odoo/odoo/http.py", line 1637, in _get_session_and_dbname
    if not sid or not root.session_store.is_valid_key(sid):
                      ^^^^^^^^^^^^^^^^^^
  File "/home/mikita/project/odoo/odoo/odoo/tools/func.py", line 42, in __get__
    value = self.fget(obj)
            ^^^^^^^^^^^^^^
  File "/home/mikita/project/odoo/odoo/odoo/http.py", line 2471, in session_store
    path = odoo.tools.config.session_dir
           ^^^^^^^^^^^^^^^^^^^^^^^^^^^^^
  File "/home/mikita/project/odoo/odoo/odoo/tools/config.py", line 803, in session_dir
    os.makedirs(d, 0o700)
  File "<frozen os>", line 215, in makedirs
  File "<frozen os>", line 225, in makedirs
PermissionError: [Errno 13] Отказано в доступе: '/var/lib/odoo'
2025-08-19 11:13:41,392 34797 INFO ? werkzeug: 127.0.0.1 - - [19/Aug/2025 11:13:41] "GET /websocket?version=18.0-5 HTTP/1.1" 500 - 0 0.000 0.003
2025-08-19 11:14:02,925 35823 ERROR odoo_db odoo.sql_db: bad query: b"\n            SELECT latest_version\n            FROM ir_module_module\n             WHERE name='base'\n        "
ERROR: permission denied for table ir_module_module
 
2025-08-19 11:14:02,925 35823 ERROR ? odoo.service.server: Worker WorkerCron (35823) Exception occurred, exiting... 
Traceback (most recent call last):
  File "/home/mikita/project/odoo/odoo/odoo/service/server.py", line 1160, in _runloop
    self.process_work()
  File "/home/mikita/project/odoo/odoo/odoo/service/server.py", line 1259, in process_work
    base.models.ir_cron.ir_cron._process_jobs(db_name)
  File "/home/mikita/project/odoo/odoo/odoo/addons/base/models/ir_cron.py", line 133, in _process_jobs
    cls._check_version(cron_cr)
  File "/home/mikita/project/odoo/odoo/odoo/addons/base/models/ir_cron.py", line 173, in _check_version
    cron_cr.execute("""
  File "/home/mikita/project/odoo/odoo/odoo/sql_db.py", line 357, in execute
    res = self._obj.execute(query, params)
          ^^^^^^^^^^^^^^^^^^^^^^^^^^^^^^^^
psycopg2.errors.InsufficientPrivilege: permission denied for table ir_module_module

2025-08-19 11:14:02,926 35823 INFO odoo_db odoo.service.server: Worker (35823) exiting. request_count: 0, registry count: 0. 
2025-08-19 11:14:03,030 36085 INFO odoo_db odoo.service.server: Worker WorkerCron (36085) alive 
2025-08-19 11:14:10,068 35856 ERROR odoo_db odoo.sql_db: bad query: b"\n            SELECT latest_version\n            FROM ir_module_module\n             WHERE name='base'\n        "
ERROR: permission denied for table ir_module_module
 
2025-08-19 11:14:10,068 35856 ERROR ? odoo.service.server: Worker WorkerCron (35856) Exception occurred, exiting... 
Traceback (most recent call last):
  File "/home/mikita/project/odoo/odoo/odoo/service/server.py", line 1160, in _runloop
    self.process_work()
  File "/home/mikita/project/odoo/odoo/odoo/service/server.py", line 1259, in process_work
    base.models.ir_cron.ir_cron._process_jobs(db_name)
  File "/home/mikita/project/odoo/odoo/odoo/addons/base/models/ir_cron.py", line 133, in _process_jobs
    cls._check_version(cron_cr)
  File "/home/mikita/project/odoo/odoo/odoo/addons/base/models/ir_cron.py", line 173, in _check_version
    cron_cr.execute("""
  File "/home/mikita/project/odoo/odoo/odoo/sql_db.py", line 357, in execute
    res = self._obj.execute(query, params)
          ^^^^^^^^^^^^^^^^^^^^^^^^^^^^^^^^
psycopg2.errors.InsufficientPrivilege: permission denied for table ir_module_module

2025-08-19 11:14:10,069 35856 INFO odoo_db odoo.service.server: Worker (35856) exiting. request_count: 0, registry count: 0. 
2025-08-19 11:14:10,177 36130 INFO odoo_db odoo.service.server: Worker WorkerCron (36130) alive 
2025-08-19 11:14:42,752 34797 ERROR ? odoo.http: Exception during request handling. 
Traceback (most recent call last):
  File "/home/mikita/project/odoo/odoo/odoo/http.py", line 2546, in __call__
    request._post_init()
  File "/home/mikita/project/odoo/odoo/odoo/http.py", line 1632, in _post_init
    self.session, self.db = self._get_session_and_dbname()
                            ^^^^^^^^^^^^^^^^^^^^^^^^^^^^^^
  File "/home/mikita/project/odoo/odoo/odoo/http.py", line 1637, in _get_session_and_dbname
    if not sid or not root.session_store.is_valid_key(sid):
                      ^^^^^^^^^^^^^^^^^^
  File "/home/mikita/project/odoo/odoo/odoo/tools/func.py", line 42, in __get__
    value = self.fget(obj)
            ^^^^^^^^^^^^^^
  File "/home/mikita/project/odoo/odoo/odoo/http.py", line 2471, in session_store
    path = odoo.tools.config.session_dir
           ^^^^^^^^^^^^^^^^^^^^^^^^^^^^^
  File "/home/mikita/project/odoo/odoo/odoo/tools/config.py", line 803, in session_dir
    os.makedirs(d, 0o700)
  File "<frozen os>", line 215, in makedirs
  File "<frozen os>", line 225, in makedirs
PermissionError: [Errno 13] Отказано в доступе: '/var/lib/odoo'
2025-08-19 11:14:42,754 34797 INFO ? werkzeug: 127.0.0.1 - - [19/Aug/2025 11:14:42] "GET /websocket?version=18.0-5 HTTP/1.1" 500 - 0 0.000 0.003
2025-08-19 11:14:47,487 36235 INFO ? odoo: Odoo version 18.0 
2025-08-19 11:14:47,487 36235 INFO ? odoo: Using configuration file at /home/mikita/project/odoo/odoo/odoo.conf 
2025-08-19 11:14:47,487 36235 INFO ? odoo: addons paths: ['/home/mikita/project/odoo/odoo/odoo/addons', '/home/mikita/project/odoo/addons', '/home/mikita/project/odoo/odoo/addons', '/home/mikita/project/odoo/odoo/custom_addons'] 
2025-08-19 11:14:47,487 36235 INFO ? odoo: database: odoo@localhost:5432 
2025-08-19 11:14:47,560 36235 INFO ? odoo.addons.base.models.ir_actions_report: You need Wkhtmltopdf to print a pdf version of the reports. 
2025-08-19 11:14:47,560 36235 INFO ? odoo.addons.base.models.ir_actions_report: You need Wkhtmltoimage to generate images from html. 
2025-08-19 11:14:47,658 36235 INFO ? odoo.service.server: HTTP service (werkzeug) running on 0.0.0.0:8069 
2025-08-19 11:26:59,320 37860 INFO ? odoo: Odoo version 18.0 
2025-08-19 11:26:59,320 37860 INFO ? odoo: Using configuration file at /home/mikita/project/odoo/odoo/odoo.conf 
2025-08-19 11:26:59,320 37860 INFO ? odoo: addons paths: ['/home/mikita/project/odoo/odoo/odoo/addons', '/home/mikita/project/odoo/addons', '/home/mikita/project/odoo/odoo/addons', '/home/mikita/project/odoo/odoo/custom_addons'] 
2025-08-19 11:26:59,320 37860 INFO ? odoo: database: odoo@localhost:5432 
2025-08-19 11:26:59,391 37860 INFO ? odoo.addons.base.models.ir_actions_report: You need Wkhtmltopdf to print a pdf version of the reports. 
2025-08-19 11:26:59,391 37860 INFO ? odoo.addons.base.models.ir_actions_report: You need Wkhtmltoimage to generate images from html. 
2025-08-19 11:26:59,485 37860 INFO ? odoo.service.server: HTTP service (werkzeug) running on 0.0.0.0:8069 
2025-08-19 11:26:59,498 37860 ERROR odoo_db odoo.sql_db: bad query: b'CREATE SEQUENCE "base_registry_signaling" INCREMENT BY 1 START WITH 1'
ERROR: relation "base_registry_signaling" already exists
 
2025-08-19 11:26:59,498 37860 ERROR odoo_db odoo.modules.registry: Failed to load registry 
2025-08-19 11:26:59,498 37860 CRITICAL odoo_db odoo.service.server: Failed to initialize database `odoo_db`. 
Traceback (most recent call last):
  File "/home/mikita/project/odoo/odoo/odoo/service/server.py", line 1361, in preload_registries
    registry = Registry.new(dbname, update_module=update_module)
               ^^^^^^^^^^^^^^^^^^^^^^^^^^^^^^^^^^^^^^^^^^^^^^^^^
  File "/home/mikita/project/odoo/odoo/venv/lib/python3.12/site-packages/decorator.py", line 232, in fun
    return caller(func, *(extras + args), **kw)
           ^^^^^^^^^^^^^^^^^^^^^^^^^^^^^^^^^^^^
  File "/home/mikita/project/odoo/odoo/odoo/tools/func.py", line 97, in locked
    return func(inst, *args, **kwargs)
           ^^^^^^^^^^^^^^^^^^^^^^^^^^^
  File "/home/mikita/project/odoo/odoo/odoo/modules/registry.py", line 126, in new
    registry.setup_signaling()
  File "/home/mikita/project/odoo/odoo/odoo/modules/registry.py", line 847, in setup_signaling
    cr.execute(SQL(
  File "/home/mikita/project/odoo/odoo/odoo/sql_db.py", line 357, in execute
    res = self._obj.execute(query, params)
          ^^^^^^^^^^^^^^^^^^^^^^^^^^^^^^^^
psycopg2.errors.DuplicateTable: relation "base_registry_signaling" already exists

2025-08-19 11:26:59,499 37860 INFO odoo_db odoo.sql_db: ConnectionPool(read/write;used=0/count=0/max=64): Closed 1 connections  
2025-08-19 11:26:59,502 37867 INFO odoo_db odoo.service.server: Worker WorkerHTTP (37867) alive 
2025-08-19 11:26:59,503 37868 INFO odoo_db odoo.service.server: Worker WorkerHTTP (37868) alive 
2025-08-19 11:26:59,505 37870 INFO odoo_db odoo.service.server: Worker WorkerHTTP (37870) alive 
2025-08-19 11:26:59,506 37872 INFO odoo_db odoo.service.server: Worker WorkerHTTP (37872) alive 
2025-08-19 11:26:59,508 37876 INFO odoo_db odoo.service.server: Worker WorkerCron (37876) alive 
2025-08-19 11:26:59,509 37877 INFO odoo_db odoo.service.server: Worker WorkerCron (37877) alive 
2025-08-19 11:26:59,983 37873 INFO ? odoo: Odoo version 18.0 
2025-08-19 11:26:59,983 37873 INFO ? odoo: Using configuration file at /home/mikita/project/odoo/odoo/odoo.conf 
2025-08-19 11:26:59,983 37873 INFO ? odoo: addons paths: ['/home/mikita/project/odoo/odoo/odoo/addons', '/home/mikita/project/odoo/addons', '/home/mikita/project/odoo/odoo/addons', '/home/mikita/project/odoo/odoo/custom_addons'] 
2025-08-19 11:26:59,983 37873 INFO ? odoo: database: odoo@localhost:5432 
2025-08-19 11:27:00,056 37873 INFO ? odoo.addons.base.models.ir_actions_report: You need Wkhtmltopdf to print a pdf version of the reports. 
2025-08-19 11:27:00,056 37873 INFO ? odoo.addons.base.models.ir_actions_report: You need Wkhtmltoimage to generate images from html. 
2025-08-19 11:27:00,154 37873 INFO ? odoo.service.server: Evented Service (longpolling) running on 0.0.0.0:8072 
2025-08-19 11:27:05,810 37870 ERROR ? odoo.http: Exception during request handling. 
Traceback (most recent call last):
  File "/home/mikita/project/odoo/odoo/odoo/http.py", line 2546, in __call__
    request._post_init()
  File "/home/mikita/project/odoo/odoo/odoo/http.py", line 1632, in _post_init
    self.session, self.db = self._get_session_and_dbname()
                            ^^^^^^^^^^^^^^^^^^^^^^^^^^^^^^
  File "/home/mikita/project/odoo/odoo/odoo/http.py", line 1637, in _get_session_and_dbname
    if not sid or not root.session_store.is_valid_key(sid):
                      ^^^^^^^^^^^^^^^^^^
  File "/home/mikita/project/odoo/odoo/odoo/tools/func.py", line 42, in __get__
    value = self.fget(obj)
            ^^^^^^^^^^^^^^
  File "/home/mikita/project/odoo/odoo/odoo/http.py", line 2471, in session_store
    path = odoo.tools.config.session_dir
           ^^^^^^^^^^^^^^^^^^^^^^^^^^^^^
  File "/home/mikita/project/odoo/odoo/odoo/tools/config.py", line 803, in session_dir
    os.makedirs(d, 0o700)
  File "<frozen os>", line 215, in makedirs
  File "<frozen os>", line 225, in makedirs
PermissionError: [Errno 13] Отказано в доступе: '/var/lib/odoo'
2025-08-19 11:27:05,813 37870 INFO ? werkzeug: 127.0.0.1 - - [19/Aug/2025 11:27:05] "GET /websocket?version=18.0-5 HTTP/1.1" 500 - 0 0.000 0.005
2025-08-19 11:27:23,852 37870 ERROR ? odoo.http: Exception during request handling. 
Traceback (most recent call last):
  File "/home/mikita/project/odoo/odoo/odoo/http.py", line 2546, in __call__
    request._post_init()
  File "/home/mikita/project/odoo/odoo/odoo/http.py", line 1632, in _post_init
    self.session, self.db = self._get_session_and_dbname()
                            ^^^^^^^^^^^^^^^^^^^^^^^^^^^^^^
  File "/home/mikita/project/odoo/odoo/odoo/http.py", line 1637, in _get_session_and_dbname
    if not sid or not root.session_store.is_valid_key(sid):
                      ^^^^^^^^^^^^^^^^^^
  File "/home/mikita/project/odoo/odoo/odoo/tools/func.py", line 42, in __get__
    value = self.fget(obj)
            ^^^^^^^^^^^^^^
  File "/home/mikita/project/odoo/odoo/odoo/http.py", line 2471, in session_store
    path = odoo.tools.config.session_dir
           ^^^^^^^^^^^^^^^^^^^^^^^^^^^^^
  File "/home/mikita/project/odoo/odoo/odoo/tools/config.py", line 803, in session_dir
    os.makedirs(d, 0o700)
  File "<frozen os>", line 215, in makedirs
  File "<frozen os>", line 225, in makedirs
PermissionError: [Errno 13] Отказано в доступе: '/var/lib/odoo'
2025-08-19 11:27:23,854 37870 INFO ? werkzeug: 127.0.0.1 - - [19/Aug/2025 11:27:23] "GET /websocket?version=18.0-5 HTTP/1.1" 500 - 0 0.000 0.003
2025-08-19 11:27:51,871 37872 ERROR ? odoo.http: Exception during request handling. 
Traceback (most recent call last):
  File "/home/mikita/project/odoo/odoo/odoo/http.py", line 2546, in __call__
    request._post_init()
  File "/home/mikita/project/odoo/odoo/odoo/http.py", line 1632, in _post_init
    self.session, self.db = self._get_session_and_dbname()
                            ^^^^^^^^^^^^^^^^^^^^^^^^^^^^^^
  File "/home/mikita/project/odoo/odoo/odoo/http.py", line 1637, in _get_session_and_dbname
    if not sid or not root.session_store.is_valid_key(sid):
                      ^^^^^^^^^^^^^^^^^^
  File "/home/mikita/project/odoo/odoo/odoo/tools/func.py", line 42, in __get__
    value = self.fget(obj)
            ^^^^^^^^^^^^^^
  File "/home/mikita/project/odoo/odoo/odoo/http.py", line 2471, in session_store
    path = odoo.tools.config.session_dir
           ^^^^^^^^^^^^^^^^^^^^^^^^^^^^^
  File "/home/mikita/project/odoo/odoo/odoo/tools/config.py", line 803, in session_dir
    os.makedirs(d, 0o700)
  File "<frozen os>", line 215, in makedirs
  File "<frozen os>", line 225, in makedirs
PermissionError: [Errno 13] Отказано в доступе: '/var/lib/odoo'
2025-08-19 11:27:51,879 37872 INFO ? werkzeug: 127.0.0.1 - - [19/Aug/2025 11:27:51] "GET /websocket?version=18.0-5 HTTP/1.1" 500 - 0 0.000 0.010
2025-08-19 11:28:05,699 37876 ERROR odoo_db odoo.sql_db: bad query: b"\n            SELECT latest_version\n            FROM ir_module_module\n             WHERE name='base'\n        "
ERROR: permission denied for table ir_module_module
 
2025-08-19 11:28:05,700 37876 ERROR ? odoo.service.server: Worker WorkerCron (37876) Exception occurred, exiting... 
Traceback (most recent call last):
  File "/home/mikita/project/odoo/odoo/odoo/service/server.py", line 1160, in _runloop
    self.process_work()
  File "/home/mikita/project/odoo/odoo/odoo/service/server.py", line 1259, in process_work
    base.models.ir_cron.ir_cron._process_jobs(db_name)
  File "/home/mikita/project/odoo/odoo/odoo/addons/base/models/ir_cron.py", line 133, in _process_jobs
    cls._check_version(cron_cr)
  File "/home/mikita/project/odoo/odoo/odoo/addons/base/models/ir_cron.py", line 173, in _check_version
    cron_cr.execute("""
  File "/home/mikita/project/odoo/odoo/odoo/sql_db.py", line 357, in execute
    res = self._obj.execute(query, params)
          ^^^^^^^^^^^^^^^^^^^^^^^^^^^^^^^^
psycopg2.errors.InsufficientPrivilege: permission denied for table ir_module_module

2025-08-19 11:28:05,700 37876 INFO odoo_db odoo.service.server: Worker (37876) exiting. request_count: 0, registry count: 0. 
2025-08-19 11:28:05,813 38098 INFO odoo_db odoo.service.server: Worker WorkerCron (38098) alive 
2025-08-19 11:28:06,647 37877 ERROR odoo_db odoo.sql_db: bad query: b"\n            SELECT latest_version\n            FROM ir_module_module\n             WHERE name='base'\n        "
ERROR: permission denied for table ir_module_module
 
2025-08-19 11:28:06,647 37877 ERROR ? odoo.service.server: Worker WorkerCron (37877) Exception occurred, exiting... 
Traceback (most recent call last):
  File "/home/mikita/project/odoo/odoo/odoo/service/server.py", line 1160, in _runloop
    self.process_work()
  File "/home/mikita/project/odoo/odoo/odoo/service/server.py", line 1259, in process_work
    base.models.ir_cron.ir_cron._process_jobs(db_name)
  File "/home/mikita/project/odoo/odoo/odoo/addons/base/models/ir_cron.py", line 133, in _process_jobs
    cls._check_version(cron_cr)
  File "/home/mikita/project/odoo/odoo/odoo/addons/base/models/ir_cron.py", line 173, in _check_version
    cron_cr.execute("""
  File "/home/mikita/project/odoo/odoo/odoo/sql_db.py", line 357, in execute
    res = self._obj.execute(query, params)
          ^^^^^^^^^^^^^^^^^^^^^^^^^^^^^^^^
psycopg2.errors.InsufficientPrivilege: permission denied for table ir_module_module

2025-08-19 11:28:06,648 37877 INFO odoo_db odoo.service.server: Worker (37877) exiting. request_count: 0, registry count: 0. 
2025-08-19 11:28:06,752 38103 INFO odoo_db odoo.service.server: Worker WorkerCron (38103) alive 
2025-08-19 11:28:33,979 37868 ERROR ? odoo.http: Exception during request handling. 
Traceback (most recent call last):
  File "/home/mikita/project/odoo/odoo/odoo/http.py", line 2546, in __call__
    request._post_init()
  File "/home/mikita/project/odoo/odoo/odoo/http.py", line 1632, in _post_init
    self.session, self.db = self._get_session_and_dbname()
                            ^^^^^^^^^^^^^^^^^^^^^^^^^^^^^^
  File "/home/mikita/project/odoo/odoo/odoo/http.py", line 1637, in _get_session_and_dbname
    if not sid or not root.session_store.is_valid_key(sid):
                      ^^^^^^^^^^^^^^^^^^
  File "/home/mikita/project/odoo/odoo/odoo/tools/func.py", line 42, in __get__
    value = self.fget(obj)
            ^^^^^^^^^^^^^^
  File "/home/mikita/project/odoo/odoo/odoo/http.py", line 2471, in session_store
    path = odoo.tools.config.session_dir
           ^^^^^^^^^^^^^^^^^^^^^^^^^^^^^
  File "/home/mikita/project/odoo/odoo/odoo/tools/config.py", line 803, in session_dir
    os.makedirs(d, 0o700)
  File "<frozen os>", line 215, in makedirs
  File "<frozen os>", line 225, in makedirs
PermissionError: [Errno 13] Отказано в доступе: '/var/lib/odoo'
2025-08-19 11:28:33,981 37868 INFO ? werkzeug: 127.0.0.1 - - [19/Aug/2025 11:28:33] "GET /websocket?version=18.0-5 HTTP/1.1" 500 - 0 0.000 0.002
2025-08-19 11:29:09,839 38103 ERROR odoo_db odoo.sql_db: bad query: b"\n            SELECT latest_version\n            FROM ir_module_module\n             WHERE name='base'\n        "
ERROR: permission denied for table ir_module_module
 
2025-08-19 11:29:09,839 38103 ERROR ? odoo.service.server: Worker WorkerCron (38103) Exception occurred, exiting... 
Traceback (most recent call last):
  File "/home/mikita/project/odoo/odoo/odoo/service/server.py", line 1160, in _runloop
    self.process_work()
  File "/home/mikita/project/odoo/odoo/odoo/service/server.py", line 1259, in process_work
    base.models.ir_cron.ir_cron._process_jobs(db_name)
  File "/home/mikita/project/odoo/odoo/odoo/addons/base/models/ir_cron.py", line 133, in _process_jobs
    cls._check_version(cron_cr)
  File "/home/mikita/project/odoo/odoo/odoo/addons/base/models/ir_cron.py", line 173, in _check_version
    cron_cr.execute("""
  File "/home/mikita/project/odoo/odoo/odoo/sql_db.py", line 357, in execute
    res = self._obj.execute(query, params)
          ^^^^^^^^^^^^^^^^^^^^^^^^^^^^^^^^
psycopg2.errors.InsufficientPrivilege: permission denied for table ir_module_module

2025-08-19 11:29:09,840 38103 INFO odoo_db odoo.service.server: Worker (38103) exiting. request_count: 0, registry count: 0. 
2025-08-19 11:29:09,950 38252 INFO odoo_db odoo.service.server: Worker WorkerCron (38252) alive 
2025-08-19 11:29:14,027 38098 ERROR odoo_db odoo.sql_db: bad query: b"\n            SELECT latest_version\n            FROM ir_module_module\n             WHERE name='base'\n        "
ERROR: permission denied for table ir_module_module
 
2025-08-19 11:29:14,027 38098 ERROR ? odoo.service.server: Worker WorkerCron (38098) Exception occurred, exiting... 
Traceback (most recent call last):
  File "/home/mikita/project/odoo/odoo/odoo/service/server.py", line 1160, in _runloop
    self.process_work()
  File "/home/mikita/project/odoo/odoo/odoo/service/server.py", line 1259, in process_work
    base.models.ir_cron.ir_cron._process_jobs(db_name)
  File "/home/mikita/project/odoo/odoo/odoo/addons/base/models/ir_cron.py", line 133, in _process_jobs
    cls._check_version(cron_cr)
  File "/home/mikita/project/odoo/odoo/odoo/addons/base/models/ir_cron.py", line 173, in _check_version
    cron_cr.execute("""
  File "/home/mikita/project/odoo/odoo/odoo/sql_db.py", line 357, in execute
    res = self._obj.execute(query, params)
          ^^^^^^^^^^^^^^^^^^^^^^^^^^^^^^^^
psycopg2.errors.InsufficientPrivilege: permission denied for table ir_module_module

2025-08-19 11:29:14,029 38098 INFO odoo_db odoo.service.server: Worker (38098) exiting. request_count: 0, registry count: 0. 
2025-08-19 11:29:14,138 38271 INFO odoo_db odoo.service.server: Worker WorkerCron (38271) alive 
2025-08-19 11:29:35,047 37872 ERROR ? odoo.http: Exception during request handling. 
Traceback (most recent call last):
  File "/home/mikita/project/odoo/odoo/odoo/http.py", line 2546, in __call__
    request._post_init()
  File "/home/mikita/project/odoo/odoo/odoo/http.py", line 1632, in _post_init
    self.session, self.db = self._get_session_and_dbname()
                            ^^^^^^^^^^^^^^^^^^^^^^^^^^^^^^
  File "/home/mikita/project/odoo/odoo/odoo/http.py", line 1637, in _get_session_and_dbname
    if not sid or not root.session_store.is_valid_key(sid):
                      ^^^^^^^^^^^^^^^^^^
  File "/home/mikita/project/odoo/odoo/odoo/tools/func.py", line 42, in __get__
    value = self.fget(obj)
            ^^^^^^^^^^^^^^
  File "/home/mikita/project/odoo/odoo/odoo/http.py", line 2471, in session_store
    path = odoo.tools.config.session_dir
           ^^^^^^^^^^^^^^^^^^^^^^^^^^^^^
  File "/home/mikita/project/odoo/odoo/odoo/tools/config.py", line 803, in session_dir
    os.makedirs(d, 0o700)
  File "<frozen os>", line 215, in makedirs
  File "<frozen os>", line 225, in makedirs
PermissionError: [Errno 13] Отказано в доступе: '/var/lib/odoo'
2025-08-19 11:29:35,049 37872 INFO ? werkzeug: 127.0.0.1 - - [19/Aug/2025 11:29:35] "GET /websocket?version=18.0-5 HTTP/1.1" 500 - 0 0.000 0.003
2025-08-19 11:30:12,093 38252 ERROR odoo_db odoo.sql_db: bad query: b"\n            SELECT latest_version\n            FROM ir_module_module\n             WHERE name='base'\n        "
ERROR: permission denied for table ir_module_module
 
2025-08-19 11:30:12,093 38252 ERROR ? odoo.service.server: Worker WorkerCron (38252) Exception occurred, exiting... 
Traceback (most recent call last):
  File "/home/mikita/project/odoo/odoo/odoo/service/server.py", line 1160, in _runloop
    self.process_work()
  File "/home/mikita/project/odoo/odoo/odoo/service/server.py", line 1259, in process_work
    base.models.ir_cron.ir_cron._process_jobs(db_name)
  File "/home/mikita/project/odoo/odoo/odoo/addons/base/models/ir_cron.py", line 133, in _process_jobs
    cls._check_version(cron_cr)
  File "/home/mikita/project/odoo/odoo/odoo/addons/base/models/ir_cron.py", line 173, in _check_version
    cron_cr.execute("""
  File "/home/mikita/project/odoo/odoo/odoo/sql_db.py", line 357, in execute
    res = self._obj.execute(query, params)
          ^^^^^^^^^^^^^^^^^^^^^^^^^^^^^^^^
psycopg2.errors.InsufficientPrivilege: permission denied for table ir_module_module

2025-08-19 11:30:12,094 38252 INFO odoo_db odoo.service.server: Worker (38252) exiting. request_count: 0, registry count: 0. 
2025-08-19 11:30:12,239 38346 INFO odoo_db odoo.service.server: Worker WorkerCron (38346) alive 
2025-08-19 11:30:13,261 37867 INFO odoo_db odoo.service.server: Worker (37867) exiting. request_count: 0, registry count: 0. 
2025-08-19 11:30:13,261 37872 INFO odoo_db odoo.service.server: Worker (37872) exiting. request_count: 2, registry count: 0. 
2025-08-19 11:30:13,261 37870 INFO odoo_db odoo.service.server: Worker (37870) exiting. request_count: 2, registry count: 0. 
2025-08-19 11:30:13,261 37868 INFO odoo_db odoo.service.server: Worker (37868) exiting. request_count: 1, registry count: 0. 
2025-08-19 11:30:13,261 37860 INFO odoo_db odoo.service.server: Stopping gracefully 
2025-08-19 11:30:13,271 38271 INFO odoo_db odoo.service.server: Worker (38271) exiting. request_count: 0, registry count: 0. 
2025-08-19 11:30:13,321 38346 INFO odoo_db odoo.service.server: Worker (38346) exiting. request_count: 0, registry count: 0. 
2025-08-19 11:30:28,003 38411 INFO ? odoo: Odoo version 18.0 
2025-08-19 11:30:28,003 38411 INFO ? odoo: Using configuration file at /home/mikita/project/odoo/odoo/odoo.conf 
2025-08-19 11:30:28,003 38411 INFO ? odoo: addons paths: ['/home/mikita/project/odoo/odoo/odoo/addons', '/home/mikita/project/odoo/addons', '/home/mikita/project/odoo/odoo/addons', '/home/mikita/project/odoo/odoo/custom_addons'] 
2025-08-19 11:30:28,003 38411 INFO ? odoo: database: odoo@localhost:5432 
2025-08-19 11:30:28,074 38411 INFO ? odoo.addons.base.models.ir_actions_report: You need Wkhtmltopdf to print a pdf version of the reports. 
2025-08-19 11:30:28,074 38411 INFO ? odoo.addons.base.models.ir_actions_report: You need Wkhtmltoimage to generate images from html. 
2025-08-19 11:30:28,169 38411 INFO ? odoo.service.server: HTTP service (werkzeug) running on 0.0.0.0:8069 
2025-08-19 11:30:28,181 38411 ERROR odoo_db odoo.sql_db: bad query: b'CREATE SEQUENCE "base_registry_signaling" INCREMENT BY 1 START WITH 1'
ERROR: relation "base_registry_signaling" already exists
 
2025-08-19 11:30:28,182 38411 ERROR odoo_db odoo.modules.registry: Failed to load registry 
2025-08-19 11:30:28,182 38411 CRITICAL odoo_db odoo.service.server: Failed to initialize database `odoo_db`. 
Traceback (most recent call last):
  File "/home/mikita/project/odoo/odoo/odoo/service/server.py", line 1361, in preload_registries
    registry = Registry.new(dbname, update_module=update_module)
               ^^^^^^^^^^^^^^^^^^^^^^^^^^^^^^^^^^^^^^^^^^^^^^^^^
  File "/home/mikita/project/odoo/odoo/venv/lib/python3.12/site-packages/decorator.py", line 232, in fun
    return caller(func, *(extras + args), **kw)
           ^^^^^^^^^^^^^^^^^^^^^^^^^^^^^^^^^^^^
  File "/home/mikita/project/odoo/odoo/odoo/tools/func.py", line 97, in locked
    return func(inst, *args, **kwargs)
           ^^^^^^^^^^^^^^^^^^^^^^^^^^^
  File "/home/mikita/project/odoo/odoo/odoo/modules/registry.py", line 126, in new
    registry.setup_signaling()
  File "/home/mikita/project/odoo/odoo/odoo/modules/registry.py", line 847, in setup_signaling
    cr.execute(SQL(
  File "/home/mikita/project/odoo/odoo/odoo/sql_db.py", line 357, in execute
    res = self._obj.execute(query, params)
          ^^^^^^^^^^^^^^^^^^^^^^^^^^^^^^^^
psycopg2.errors.DuplicateTable: relation "base_registry_signaling" already exists

2025-08-19 11:30:28,183 38411 INFO odoo_db odoo.sql_db: ConnectionPool(read/write;used=0/count=0/max=64): Closed 1 connections  
2025-08-19 11:30:28,185 38418 INFO odoo_db odoo.service.server: Worker WorkerHTTP (38418) alive 
2025-08-19 11:30:28,187 38419 INFO odoo_db odoo.service.server: Worker WorkerHTTP (38419) alive 
2025-08-19 11:30:28,189 38421 INFO odoo_db odoo.service.server: Worker WorkerHTTP (38421) alive 
2025-08-19 11:30:28,190 38423 INFO odoo_db odoo.service.server: Worker WorkerHTTP (38423) alive 
2025-08-19 11:30:28,192 38427 INFO odoo_db odoo.service.server: Worker WorkerCron (38427) alive 
2025-08-19 11:30:28,194 38428 INFO odoo_db odoo.service.server: Worker WorkerCron (38428) alive 
2025-08-19 11:30:28,653 38424 INFO ? odoo: Odoo version 18.0 
2025-08-19 11:30:28,653 38424 INFO ? odoo: Using configuration file at /home/mikita/project/odoo/odoo/odoo.conf 
2025-08-19 11:30:28,654 38424 INFO ? odoo: addons paths: ['/home/mikita/project/odoo/odoo/odoo/addons', '/home/mikita/project/odoo/addons', '/home/mikita/project/odoo/odoo/addons', '/home/mikita/project/odoo/odoo/custom_addons'] 
2025-08-19 11:30:28,654 38424 INFO ? odoo: database: odoo@localhost:5432 
2025-08-19 11:30:28,725 38424 INFO ? odoo.addons.base.models.ir_actions_report: You need Wkhtmltopdf to print a pdf version of the reports. 
2025-08-19 11:30:28,725 38424 INFO ? odoo.addons.base.models.ir_actions_report: You need Wkhtmltoimage to generate images from html. 
2025-08-19 11:30:28,821 38424 INFO ? odoo.service.server: Evented Service (longpolling) running on 0.0.0.0:8072 
2025-08-19 11:30:33,067 38419 INFO odoo_db odoo.service.server: Worker (38419) exiting. request_count: 0, registry count: 0. 
2025-08-19 11:30:33,067 38418 INFO odoo_db odoo.service.server: Worker (38418) exiting. request_count: 0, registry count: 0. 
2025-08-19 11:30:33,067 38423 INFO odoo_db odoo.service.server: Worker (38423) exiting. request_count: 0, registry count: 0. 
2025-08-19 11:30:33,067 38411 INFO odoo_db odoo.service.server: Stopping gracefully 
2025-08-19 11:30:33,067 38421 INFO odoo_db odoo.service.server: Worker (38421) exiting. request_count: 0, registry count: 0. 
2025-08-19 11:30:33,137 38427 INFO odoo_db odoo.service.server: Worker (38427) exiting. request_count: 0, registry count: 0. 
2025-08-19 11:30:33,147 38428 INFO odoo_db odoo.service.server: Worker (38428) exiting. request_count: 0, registry count: 0. 
2025-08-19 13:03:31,275 10658 INFO ? odoo: Odoo version 18.0 
2025-08-19 13:03:31,299 10658 INFO ? odoo: Using configuration file at /home/mikita/project/odoo/odoo/odoo.conf 
2025-08-19 13:03:31,299 10658 INFO ? odoo: addons paths: ['/home/mikita/project/odoo/odoo/odoo/addons', '/home/mikita/project/odoo/addons', '/home/mikita/project/odoo/odoo/addons', '/home/mikita/project/odoo/odoo/custom_addons'] 
2025-08-19 13:03:31,299 10658 INFO ? odoo: database: odoo@localhost:5432 
2025-08-19 13:03:31,516 10658 INFO ? odoo.addons.base.models.ir_actions_report: You need Wkhtmltopdf to print a pdf version of the reports. 
2025-08-19 13:03:31,516 10658 INFO ? odoo.addons.base.models.ir_actions_report: You need Wkhtmltoimage to generate images from html. 
2025-08-19 13:03:31,612 10658 INFO ? odoo.service.server: HTTP service (werkzeug) running on 0.0.0.0:8069 
2025-08-19 13:03:59,570 10793 INFO ? odoo: Odoo version 18.0 
2025-08-19 13:03:59,570 10793 INFO ? odoo: Using configuration file at /home/mikita/project/odoo/odoo/odoo.conf 
2025-08-19 13:03:59,570 10793 INFO ? odoo: addons paths: ['/home/mikita/project/odoo/odoo/odoo/addons', '/home/mikita/project/odoo/addons', '/home/mikita/project/odoo/odoo/addons', '/home/mikita/project/odoo/odoo/custom_addons'] 
2025-08-19 13:03:59,570 10793 INFO ? odoo: database: odoo@localhost:5432 
2025-08-19 13:03:59,641 10793 INFO ? odoo.addons.base.models.ir_actions_report: You need Wkhtmltopdf to print a pdf version of the reports. 
2025-08-19 13:03:59,641 10793 INFO ? odoo.addons.base.models.ir_actions_report: You need Wkhtmltoimage to generate images from html. 
2025-08-19 13:03:59,736 10793 INFO ? odoo.service.server: HTTP service (werkzeug) running on 0.0.0.0:8069 
2025-08-19 13:03:59,789 10793 ERROR odoo_db odoo.sql_db: bad query: b'CREATE SEQUENCE "base_registry_signaling" INCREMENT BY 1 START WITH 1'
ERROR: relation "base_registry_signaling" already exists
 
2025-08-19 13:03:59,789 10793 ERROR odoo_db odoo.modules.registry: Failed to load registry 
2025-08-19 13:03:59,790 10793 CRITICAL odoo_db odoo.service.server: Failed to initialize database `odoo_db`. 
Traceback (most recent call last):
  File "/home/mikita/project/odoo/odoo/odoo/service/server.py", line 1361, in preload_registries
    registry = Registry.new(dbname, update_module=update_module)
               ^^^^^^^^^^^^^^^^^^^^^^^^^^^^^^^^^^^^^^^^^^^^^^^^^
  File "/home/mikita/project/odoo/odoo/venv/lib/python3.12/site-packages/decorator.py", line 232, in fun
    return caller(func, *(extras + args), **kw)
           ^^^^^^^^^^^^^^^^^^^^^^^^^^^^^^^^^^^^
  File "/home/mikita/project/odoo/odoo/odoo/tools/func.py", line 97, in locked
    return func(inst, *args, **kwargs)
           ^^^^^^^^^^^^^^^^^^^^^^^^^^^
  File "/home/mikita/project/odoo/odoo/odoo/modules/registry.py", line 126, in new
    registry.setup_signaling()
  File "/home/mikita/project/odoo/odoo/odoo/modules/registry.py", line 847, in setup_signaling
    cr.execute(SQL(
  File "/home/mikita/project/odoo/odoo/odoo/sql_db.py", line 357, in execute
    res = self._obj.execute(query, params)
          ^^^^^^^^^^^^^^^^^^^^^^^^^^^^^^^^
psycopg2.errors.DuplicateTable: relation "base_registry_signaling" already exists

2025-08-19 13:03:59,817 10793 INFO odoo_db odoo.sql_db: ConnectionPool(read/write;used=0/count=0/max=64): Closed 1 connections  
2025-08-19 13:03:59,821 10796 INFO odoo_db odoo.service.server: Worker WorkerHTTP (10796) alive 
2025-08-19 13:03:59,823 10797 INFO odoo_db odoo.service.server: Worker WorkerHTTP (10797) alive 
2025-08-19 13:03:59,825 10799 INFO odoo_db odoo.service.server: Worker WorkerHTTP (10799) alive 
2025-08-19 13:03:59,826 10801 INFO odoo_db odoo.service.server: Worker WorkerHTTP (10801) alive 
2025-08-19 13:03:59,829 10805 INFO odoo_db odoo.service.server: Worker WorkerCron (10805) alive 
2025-08-19 13:03:59,830 10806 INFO odoo_db odoo.service.server: Worker WorkerCron (10806) alive 
2025-08-19 13:04:00,827 10802 INFO ? odoo: Odoo version 18.0 
2025-08-19 13:04:00,827 10802 INFO ? odoo: Using configuration file at /home/mikita/project/odoo/odoo/odoo.conf 
2025-08-19 13:04:00,827 10802 INFO ? odoo: addons paths: ['/home/mikita/project/odoo/odoo/odoo/addons', '/home/mikita/project/odoo/addons', '/home/mikita/project/odoo/odoo/addons', '/home/mikita/project/odoo/odoo/custom_addons'] 
2025-08-19 13:04:00,827 10802 INFO ? odoo: database: odoo@localhost:5432 
2025-08-19 13:04:00,901 10802 INFO ? odoo.addons.base.models.ir_actions_report: You need Wkhtmltopdf to print a pdf version of the reports. 
2025-08-19 13:04:00,901 10802 INFO ? odoo.addons.base.models.ir_actions_report: You need Wkhtmltoimage to generate images from html. 
2025-08-19 13:04:01,004 10802 INFO ? odoo.service.server: Evented Service (longpolling) running on 0.0.0.0:8072 
2025-08-19 13:04:01,706 10796 ERROR ? odoo.http: Exception during request handling. 
Traceback (most recent call last):
  File "/home/mikita/project/odoo/odoo/odoo/http.py", line 2546, in __call__
    request._post_init()
  File "/home/mikita/project/odoo/odoo/odoo/http.py", line 1632, in _post_init
    self.session, self.db = self._get_session_and_dbname()
                            ^^^^^^^^^^^^^^^^^^^^^^^^^^^^^^
  File "/home/mikita/project/odoo/odoo/odoo/http.py", line 1637, in _get_session_and_dbname
    if not sid or not root.session_store.is_valid_key(sid):
                      ^^^^^^^^^^^^^^^^^^
  File "/home/mikita/project/odoo/odoo/odoo/tools/func.py", line 42, in __get__
    value = self.fget(obj)
            ^^^^^^^^^^^^^^
  File "/home/mikita/project/odoo/odoo/odoo/http.py", line 2471, in session_store
    path = odoo.tools.config.session_dir
           ^^^^^^^^^^^^^^^^^^^^^^^^^^^^^
  File "/home/mikita/project/odoo/odoo/odoo/tools/config.py", line 803, in session_dir
    os.makedirs(d, 0o700)
  File "<frozen os>", line 215, in makedirs
  File "<frozen os>", line 225, in makedirs
PermissionError: [Errno 13] Отказано в доступе: '/var/lib/odoo'
2025-08-19 13:04:01,708 10796 INFO ? werkzeug: 127.0.0.1 - - [19/Aug/2025 13:04:01] "GET /websocket?version=18.0-5 HTTP/1.1" 500 - 0 0.000 0.002
2025-08-19 13:04:07,512 10801 ERROR ? odoo.http: Exception during request handling. 
Traceback (most recent call last):
  File "/home/mikita/project/odoo/odoo/odoo/http.py", line 2546, in __call__
    request._post_init()
  File "/home/mikita/project/odoo/odoo/odoo/http.py", line 1632, in _post_init
    self.session, self.db = self._get_session_and_dbname()
                            ^^^^^^^^^^^^^^^^^^^^^^^^^^^^^^
  File "/home/mikita/project/odoo/odoo/odoo/http.py", line 1637, in _get_session_and_dbname
    if not sid or not root.session_store.is_valid_key(sid):
                      ^^^^^^^^^^^^^^^^^^
  File "/home/mikita/project/odoo/odoo/odoo/tools/func.py", line 42, in __get__
    value = self.fget(obj)
            ^^^^^^^^^^^^^^
  File "/home/mikita/project/odoo/odoo/odoo/http.py", line 2471, in session_store
    path = odoo.tools.config.session_dir
           ^^^^^^^^^^^^^^^^^^^^^^^^^^^^^
  File "/home/mikita/project/odoo/odoo/odoo/tools/config.py", line 803, in session_dir
    os.makedirs(d, 0o700)
  File "<frozen os>", line 215, in makedirs
  File "<frozen os>", line 225, in makedirs
PermissionError: [Errno 13] Отказано в доступе: '/var/lib/odoo'
2025-08-19 13:04:07,514 10801 INFO ? werkzeug: 127.0.0.1 - - [19/Aug/2025 13:04:07] "GET /websocket?version=18.0-5 HTTP/1.1" 500 - 0 0.000 0.002
2025-08-19 13:04:15,606 10801 ERROR ? odoo.http: Exception during request handling. 
Traceback (most recent call last):
  File "/home/mikita/project/odoo/odoo/odoo/http.py", line 2546, in __call__
    request._post_init()
  File "/home/mikita/project/odoo/odoo/odoo/http.py", line 1632, in _post_init
    self.session, self.db = self._get_session_and_dbname()
                            ^^^^^^^^^^^^^^^^^^^^^^^^^^^^^^
  File "/home/mikita/project/odoo/odoo/odoo/http.py", line 1637, in _get_session_and_dbname
    if not sid or not root.session_store.is_valid_key(sid):
                      ^^^^^^^^^^^^^^^^^^
  File "/home/mikita/project/odoo/odoo/odoo/tools/func.py", line 42, in __get__
    value = self.fget(obj)
            ^^^^^^^^^^^^^^
  File "/home/mikita/project/odoo/odoo/odoo/http.py", line 2471, in session_store
    path = odoo.tools.config.session_dir
           ^^^^^^^^^^^^^^^^^^^^^^^^^^^^^
  File "/home/mikita/project/odoo/odoo/odoo/tools/config.py", line 803, in session_dir
    os.makedirs(d, 0o700)
  File "<frozen os>", line 215, in makedirs
  File "<frozen os>", line 225, in makedirs
PermissionError: [Errno 13] Отказано в доступе: '/var/lib/odoo'
2025-08-19 13:04:15,607 10801 INFO ? werkzeug: 127.0.0.1 - - [19/Aug/2025 13:04:15] "GET /websocket?version=18.0-5 HTTP/1.1" 500 - 0 0.000 0.001
2025-08-19 13:04:28,456 10797 ERROR ? odoo.http: Exception during request handling. 
Traceback (most recent call last):
  File "/home/mikita/project/odoo/odoo/odoo/http.py", line 2546, in __call__
    request._post_init()
  File "/home/mikita/project/odoo/odoo/odoo/http.py", line 1632, in _post_init
    self.session, self.db = self._get_session_and_dbname()
                            ^^^^^^^^^^^^^^^^^^^^^^^^^^^^^^
  File "/home/mikita/project/odoo/odoo/odoo/http.py", line 1637, in _get_session_and_dbname
    if not sid or not root.session_store.is_valid_key(sid):
                      ^^^^^^^^^^^^^^^^^^
  File "/home/mikita/project/odoo/odoo/odoo/tools/func.py", line 42, in __get__
    value = self.fget(obj)
            ^^^^^^^^^^^^^^
  File "/home/mikita/project/odoo/odoo/odoo/http.py", line 2471, in session_store
    path = odoo.tools.config.session_dir
           ^^^^^^^^^^^^^^^^^^^^^^^^^^^^^
  File "/home/mikita/project/odoo/odoo/odoo/tools/config.py", line 803, in session_dir
    os.makedirs(d, 0o700)
  File "<frozen os>", line 215, in makedirs
  File "<frozen os>", line 225, in makedirs
PermissionError: [Errno 13] Отказано в доступе: '/var/lib/odoo'
2025-08-19 13:04:28,458 10797 INFO ? werkzeug: 127.0.0.1 - - [19/Aug/2025 13:04:28] "GET /websocket?version=18.0-5 HTTP/1.1" 500 - 0 0.000 0.002
2025-08-19 13:04:47,623 10799 ERROR ? odoo.http: Exception during request handling. 
Traceback (most recent call last):
  File "/home/mikita/project/odoo/odoo/odoo/http.py", line 2546, in __call__
    request._post_init()
  File "/home/mikita/project/odoo/odoo/odoo/http.py", line 1632, in _post_init
    self.session, self.db = self._get_session_and_dbname()
                            ^^^^^^^^^^^^^^^^^^^^^^^^^^^^^^
  File "/home/mikita/project/odoo/odoo/odoo/http.py", line 1637, in _get_session_and_dbname
    if not sid or not root.session_store.is_valid_key(sid):
                      ^^^^^^^^^^^^^^^^^^
  File "/home/mikita/project/odoo/odoo/odoo/tools/func.py", line 42, in __get__
    value = self.fget(obj)
            ^^^^^^^^^^^^^^
  File "/home/mikita/project/odoo/odoo/odoo/http.py", line 2471, in session_store
    path = odoo.tools.config.session_dir
           ^^^^^^^^^^^^^^^^^^^^^^^^^^^^^
  File "/home/mikita/project/odoo/odoo/odoo/tools/config.py", line 803, in session_dir
    os.makedirs(d, 0o700)
  File "<frozen os>", line 215, in makedirs
  File "<frozen os>", line 225, in makedirs
PermissionError: [Errno 13] Отказано в доступе: '/var/lib/odoo'
2025-08-19 13:04:47,625 10799 INFO ? werkzeug: 127.0.0.1 - - [19/Aug/2025 13:04:47] "GET /websocket?version=18.0-5 HTTP/1.1" 500 - 0 0.000 0.002
2025-08-19 13:05:05,006 10805 ERROR odoo_db odoo.sql_db: bad query: b"\n            SELECT latest_version\n            FROM ir_module_module\n             WHERE name='base'\n        "
ERROR: permission denied for table ir_module_module
 
2025-08-19 13:05:05,007 10805 ERROR ? odoo.service.server: Worker WorkerCron (10805) Exception occurred, exiting... 
Traceback (most recent call last):
  File "/home/mikita/project/odoo/odoo/odoo/service/server.py", line 1160, in _runloop
    self.process_work()
  File "/home/mikita/project/odoo/odoo/odoo/service/server.py", line 1259, in process_work
    base.models.ir_cron.ir_cron._process_jobs(db_name)
  File "/home/mikita/project/odoo/odoo/odoo/addons/base/models/ir_cron.py", line 133, in _process_jobs
    cls._check_version(cron_cr)
  File "/home/mikita/project/odoo/odoo/odoo/addons/base/models/ir_cron.py", line 173, in _check_version
    cron_cr.execute("""
  File "/home/mikita/project/odoo/odoo/odoo/sql_db.py", line 357, in execute
    res = self._obj.execute(query, params)
          ^^^^^^^^^^^^^^^^^^^^^^^^^^^^^^^^
psycopg2.errors.InsufficientPrivilege: permission denied for table ir_module_module

2025-08-19 13:05:05,007 10805 INFO odoo_db odoo.service.server: Worker (10805) exiting. request_count: 0, registry count: 0. 
2025-08-19 13:05:05,110 10948 INFO odoo_db odoo.service.server: Worker WorkerCron (10948) alive 
2025-08-19 13:05:06,022 10806 ERROR odoo_db odoo.sql_db: bad query: b"\n            SELECT latest_version\n            FROM ir_module_module\n             WHERE name='base'\n        "
ERROR: permission denied for table ir_module_module
 
2025-08-19 13:05:06,022 10806 ERROR ? odoo.service.server: Worker WorkerCron (10806) Exception occurred, exiting... 
Traceback (most recent call last):
  File "/home/mikita/project/odoo/odoo/odoo/service/server.py", line 1160, in _runloop
    self.process_work()
  File "/home/mikita/project/odoo/odoo/odoo/service/server.py", line 1259, in process_work
    base.models.ir_cron.ir_cron._process_jobs(db_name)
  File "/home/mikita/project/odoo/odoo/odoo/addons/base/models/ir_cron.py", line 133, in _process_jobs
    cls._check_version(cron_cr)
  File "/home/mikita/project/odoo/odoo/odoo/addons/base/models/ir_cron.py", line 173, in _check_version
    cron_cr.execute("""
  File "/home/mikita/project/odoo/odoo/odoo/sql_db.py", line 357, in execute
    res = self._obj.execute(query, params)
          ^^^^^^^^^^^^^^^^^^^^^^^^^^^^^^^^
psycopg2.errors.InsufficientPrivilege: permission denied for table ir_module_module

2025-08-19 13:05:06,023 10806 INFO odoo_db odoo.service.server: Worker (10806) exiting. request_count: 0, registry count: 0. 
2025-08-19 13:05:06,130 10952 INFO odoo_db odoo.service.server: Worker WorkerCron (10952) alive 
2025-08-19 13:05:16,388 10797 ERROR ? odoo.http: Exception during request handling. 
Traceback (most recent call last):
  File "/home/mikita/project/odoo/odoo/odoo/http.py", line 2546, in __call__
    request._post_init()
  File "/home/mikita/project/odoo/odoo/odoo/http.py", line 1632, in _post_init
    self.session, self.db = self._get_session_and_dbname()
                            ^^^^^^^^^^^^^^^^^^^^^^^^^^^^^^
  File "/home/mikita/project/odoo/odoo/odoo/http.py", line 1637, in _get_session_and_dbname
    if not sid or not root.session_store.is_valid_key(sid):
                      ^^^^^^^^^^^^^^^^^^
  File "/home/mikita/project/odoo/odoo/odoo/tools/func.py", line 42, in __get__
    value = self.fget(obj)
            ^^^^^^^^^^^^^^
  File "/home/mikita/project/odoo/odoo/odoo/http.py", line 2471, in session_store
    path = odoo.tools.config.session_dir
           ^^^^^^^^^^^^^^^^^^^^^^^^^^^^^
  File "/home/mikita/project/odoo/odoo/odoo/tools/config.py", line 803, in session_dir
    os.makedirs(d, 0o700)
  File "<frozen os>", line 215, in makedirs
  File "<frozen os>", line 225, in makedirs
PermissionError: [Errno 13] Отказано в доступе: '/var/lib/odoo'
2025-08-19 13:05:16,388 10797 INFO ? werkzeug: 127.0.0.1 - - [19/Aug/2025 13:05:16] "GET /websocket?version=18.0-5 HTTP/1.1" 500 - 0 0.000 0.001
2025-08-19 13:06:00,697 10801 ERROR ? odoo.http: Exception during request handling. 
Traceback (most recent call last):
  File "/home/mikita/project/odoo/odoo/odoo/http.py", line 2546, in __call__
    request._post_init()
  File "/home/mikita/project/odoo/odoo/odoo/http.py", line 1632, in _post_init
    self.session, self.db = self._get_session_and_dbname()
                            ^^^^^^^^^^^^^^^^^^^^^^^^^^^^^^
  File "/home/mikita/project/odoo/odoo/odoo/http.py", line 1637, in _get_session_and_dbname
    if not sid or not root.session_store.is_valid_key(sid):
                      ^^^^^^^^^^^^^^^^^^
  File "/home/mikita/project/odoo/odoo/odoo/tools/func.py", line 42, in __get__
    value = self.fget(obj)
            ^^^^^^^^^^^^^^
  File "/home/mikita/project/odoo/odoo/odoo/http.py", line 2471, in session_store
    path = odoo.tools.config.session_dir
           ^^^^^^^^^^^^^^^^^^^^^^^^^^^^^
  File "/home/mikita/project/odoo/odoo/odoo/tools/config.py", line 803, in session_dir
    os.makedirs(d, 0o700)
  File "<frozen os>", line 215, in makedirs
  File "<frozen os>", line 225, in makedirs
PermissionError: [Errno 13] Отказано в доступе: '/var/lib/odoo'
2025-08-19 13:06:00,697 10801 INFO ? werkzeug: 127.0.0.1 - - [19/Aug/2025 13:06:00] "GET /websocket?version=18.0-5 HTTP/1.1" 500 - 0 0.000 0.001
2025-08-19 13:06:08,244 10952 ERROR odoo_db odoo.sql_db: bad query: b"\n            SELECT latest_version\n            FROM ir_module_module\n             WHERE name='base'\n        "
ERROR: permission denied for table ir_module_module
 
2025-08-19 13:06:08,244 10952 ERROR ? odoo.service.server: Worker WorkerCron (10952) Exception occurred, exiting... 
Traceback (most recent call last):
  File "/home/mikita/project/odoo/odoo/odoo/service/server.py", line 1160, in _runloop
    self.process_work()
  File "/home/mikita/project/odoo/odoo/odoo/service/server.py", line 1259, in process_work
    base.models.ir_cron.ir_cron._process_jobs(db_name)
  File "/home/mikita/project/odoo/odoo/odoo/addons/base/models/ir_cron.py", line 133, in _process_jobs
    cls._check_version(cron_cr)
  File "/home/mikita/project/odoo/odoo/odoo/addons/base/models/ir_cron.py", line 173, in _check_version
    cron_cr.execute("""
  File "/home/mikita/project/odoo/odoo/odoo/sql_db.py", line 357, in execute
    res = self._obj.execute(query, params)
          ^^^^^^^^^^^^^^^^^^^^^^^^^^^^^^^^
psycopg2.errors.InsufficientPrivilege: permission denied for table ir_module_module

2025-08-19 13:06:08,245 10952 INFO odoo_db odoo.service.server: Worker (10952) exiting. request_count: 0, registry count: 0. 
2025-08-19 13:06:08,353 11266 INFO odoo_db odoo.service.server: Worker WorkerCron (11266) alive 
2025-08-19 13:06:13,313 10948 ERROR odoo_db odoo.sql_db: bad query: b"\n            SELECT latest_version\n            FROM ir_module_module\n             WHERE name='base'\n        "
ERROR: permission denied for table ir_module_module
 
2025-08-19 13:06:13,314 10948 ERROR ? odoo.service.server: Worker WorkerCron (10948) Exception occurred, exiting... 
Traceback (most recent call last):
  File "/home/mikita/project/odoo/odoo/odoo/service/server.py", line 1160, in _runloop
    self.process_work()
  File "/home/mikita/project/odoo/odoo/odoo/service/server.py", line 1259, in process_work
    base.models.ir_cron.ir_cron._process_jobs(db_name)
  File "/home/mikita/project/odoo/odoo/odoo/addons/base/models/ir_cron.py", line 133, in _process_jobs
    cls._check_version(cron_cr)
  File "/home/mikita/project/odoo/odoo/odoo/addons/base/models/ir_cron.py", line 173, in _check_version
    cron_cr.execute("""
  File "/home/mikita/project/odoo/odoo/odoo/sql_db.py", line 357, in execute
    res = self._obj.execute(query, params)
          ^^^^^^^^^^^^^^^^^^^^^^^^^^^^^^^^
psycopg2.errors.InsufficientPrivilege: permission denied for table ir_module_module

2025-08-19 13:06:13,314 10948 INFO odoo_db odoo.service.server: Worker (10948) exiting. request_count: 0, registry count: 0. 
2025-08-19 13:06:13,423 11272 INFO odoo_db odoo.service.server: Worker WorkerCron (11272) alive 
2025-08-19 13:07:01,715 10796 ERROR ? odoo.http: Exception during request handling. 
Traceback (most recent call last):
  File "/home/mikita/project/odoo/odoo/odoo/http.py", line 2546, in __call__
    request._post_init()
  File "/home/mikita/project/odoo/odoo/odoo/http.py", line 1632, in _post_init
    self.session, self.db = self._get_session_and_dbname()
                            ^^^^^^^^^^^^^^^^^^^^^^^^^^^^^^
  File "/home/mikita/project/odoo/odoo/odoo/http.py", line 1637, in _get_session_and_dbname
    if not sid or not root.session_store.is_valid_key(sid):
                      ^^^^^^^^^^^^^^^^^^
  File "/home/mikita/project/odoo/odoo/odoo/tools/func.py", line 42, in __get__
    value = self.fget(obj)
            ^^^^^^^^^^^^^^
  File "/home/mikita/project/odoo/odoo/odoo/http.py", line 2471, in session_store
    path = odoo.tools.config.session_dir
           ^^^^^^^^^^^^^^^^^^^^^^^^^^^^^
  File "/home/mikita/project/odoo/odoo/odoo/tools/config.py", line 803, in session_dir
    os.makedirs(d, 0o700)
  File "<frozen os>", line 215, in makedirs
  File "<frozen os>", line 225, in makedirs
PermissionError: [Errno 13] Отказано в доступе: '/var/lib/odoo'
2025-08-19 13:07:01,715 10796 INFO ? werkzeug: 127.0.0.1 - - [19/Aug/2025 13:07:01] "GET /websocket?version=18.0-5 HTTP/1.1" 500 - 0 0.000 0.001
2025-08-19 13:07:14,575 11266 ERROR odoo_db odoo.sql_db: bad query: b"\n            SELECT latest_version\n            FROM ir_module_module\n             WHERE name='base'\n        "
ERROR: permission denied for table ir_module_module
 
2025-08-19 13:07:14,576 11266 ERROR ? odoo.service.server: Worker WorkerCron (11266) Exception occurred, exiting... 
Traceback (most recent call last):
  File "/home/mikita/project/odoo/odoo/odoo/service/server.py", line 1160, in _runloop
    self.process_work()
  File "/home/mikita/project/odoo/odoo/odoo/service/server.py", line 1259, in process_work
    base.models.ir_cron.ir_cron._process_jobs(db_name)
  File "/home/mikita/project/odoo/odoo/odoo/addons/base/models/ir_cron.py", line 133, in _process_jobs
    cls._check_version(cron_cr)
  File "/home/mikita/project/odoo/odoo/odoo/addons/base/models/ir_cron.py", line 173, in _check_version
    cron_cr.execute("""
  File "/home/mikita/project/odoo/odoo/odoo/sql_db.py", line 357, in execute
    res = self._obj.execute(query, params)
          ^^^^^^^^^^^^^^^^^^^^^^^^^^^^^^^^
psycopg2.errors.InsufficientPrivilege: permission denied for table ir_module_module

2025-08-19 13:07:14,577 11266 INFO odoo_db odoo.service.server: Worker (11266) exiting. request_count: 0, registry count: 0. 
2025-08-19 13:07:14,691 12210 INFO odoo_db odoo.service.server: Worker WorkerCron (12210) alive 
2025-08-19 13:07:15,602 11272 ERROR odoo_db odoo.sql_db: bad query: b"\n            SELECT latest_version\n            FROM ir_module_module\n             WHERE name='base'\n        "
ERROR: permission denied for table ir_module_module
 
2025-08-19 13:07:15,603 11272 ERROR ? odoo.service.server: Worker WorkerCron (11272) Exception occurred, exiting... 
Traceback (most recent call last):
  File "/home/mikita/project/odoo/odoo/odoo/service/server.py", line 1160, in _runloop
    self.process_work()
  File "/home/mikita/project/odoo/odoo/odoo/service/server.py", line 1259, in process_work
    base.models.ir_cron.ir_cron._process_jobs(db_name)
  File "/home/mikita/project/odoo/odoo/odoo/addons/base/models/ir_cron.py", line 133, in _process_jobs
    cls._check_version(cron_cr)
  File "/home/mikita/project/odoo/odoo/odoo/addons/base/models/ir_cron.py", line 173, in _check_version
    cron_cr.execute("""
  File "/home/mikita/project/odoo/odoo/odoo/sql_db.py", line 357, in execute
    res = self._obj.execute(query, params)
          ^^^^^^^^^^^^^^^^^^^^^^^^^^^^^^^^
psycopg2.errors.InsufficientPrivilege: permission denied for table ir_module_module

2025-08-19 13:07:15,605 11272 INFO odoo_db odoo.service.server: Worker (11272) exiting. request_count: 0, registry count: 0. 
2025-08-19 13:07:15,723 12215 INFO odoo_db odoo.service.server: Worker WorkerCron (12215) alive 
2025-08-19 13:08:02,832 10796 ERROR ? odoo.http: Exception during request handling. 
Traceback (most recent call last):
  File "/home/mikita/project/odoo/odoo/odoo/http.py", line 2546, in __call__
    request._post_init()
  File "/home/mikita/project/odoo/odoo/odoo/http.py", line 1632, in _post_init
    self.session, self.db = self._get_session_and_dbname()
                            ^^^^^^^^^^^^^^^^^^^^^^^^^^^^^^
  File "/home/mikita/project/odoo/odoo/odoo/http.py", line 1637, in _get_session_and_dbname
    if not sid or not root.session_store.is_valid_key(sid):
                      ^^^^^^^^^^^^^^^^^^
  File "/home/mikita/project/odoo/odoo/odoo/tools/func.py", line 42, in __get__
    value = self.fget(obj)
            ^^^^^^^^^^^^^^
  File "/home/mikita/project/odoo/odoo/odoo/http.py", line 2471, in session_store
    path = odoo.tools.config.session_dir
           ^^^^^^^^^^^^^^^^^^^^^^^^^^^^^
  File "/home/mikita/project/odoo/odoo/odoo/tools/config.py", line 803, in session_dir
    os.makedirs(d, 0o700)
  File "<frozen os>", line 215, in makedirs
  File "<frozen os>", line 225, in makedirs
PermissionError: [Errno 13] Отказано в доступе: '/var/lib/odoo'
2025-08-19 13:08:02,832 10796 INFO ? werkzeug: 127.0.0.1 - - [19/Aug/2025 13:08:02] "GET /websocket?version=18.0-5 HTTP/1.1" 500 - 0 0.000 0.001
2025-08-19 13:08:14,911 12210 ERROR odoo_db odoo.sql_db: bad query: b"\n            SELECT latest_version\n            FROM ir_module_module\n             WHERE name='base'\n        "
ERROR: permission denied for table ir_module_module
 
2025-08-19 13:08:14,911 12210 ERROR ? odoo.service.server: Worker WorkerCron (12210) Exception occurred, exiting... 
Traceback (most recent call last):
  File "/home/mikita/project/odoo/odoo/odoo/service/server.py", line 1160, in _runloop
    self.process_work()
  File "/home/mikita/project/odoo/odoo/odoo/service/server.py", line 1259, in process_work
    base.models.ir_cron.ir_cron._process_jobs(db_name)
  File "/home/mikita/project/odoo/odoo/odoo/addons/base/models/ir_cron.py", line 133, in _process_jobs
    cls._check_version(cron_cr)
  File "/home/mikita/project/odoo/odoo/odoo/addons/base/models/ir_cron.py", line 173, in _check_version
    cron_cr.execute("""
  File "/home/mikita/project/odoo/odoo/odoo/sql_db.py", line 357, in execute
    res = self._obj.execute(query, params)
          ^^^^^^^^^^^^^^^^^^^^^^^^^^^^^^^^
psycopg2.errors.InsufficientPrivilege: permission denied for table ir_module_module

2025-08-19 13:08:14,912 12210 INFO odoo_db odoo.service.server: Worker (12210) exiting. request_count: 0, registry count: 0. 
2025-08-19 13:08:15,014 12318 INFO odoo_db odoo.service.server: Worker WorkerCron (12318) alive 
2025-08-19 13:08:20,914 12215 ERROR odoo_db odoo.sql_db: bad query: b"\n            SELECT latest_version\n            FROM ir_module_module\n             WHERE name='base'\n        "
ERROR: permission denied for table ir_module_module
 
2025-08-19 13:08:20,915 12215 ERROR ? odoo.service.server: Worker WorkerCron (12215) Exception occurred, exiting... 
Traceback (most recent call last):
  File "/home/mikita/project/odoo/odoo/odoo/service/server.py", line 1160, in _runloop
    self.process_work()
  File "/home/mikita/project/odoo/odoo/odoo/service/server.py", line 1259, in process_work
    base.models.ir_cron.ir_cron._process_jobs(db_name)
  File "/home/mikita/project/odoo/odoo/odoo/addons/base/models/ir_cron.py", line 133, in _process_jobs
    cls._check_version(cron_cr)
  File "/home/mikita/project/odoo/odoo/odoo/addons/base/models/ir_cron.py", line 173, in _check_version
    cron_cr.execute("""
  File "/home/mikita/project/odoo/odoo/odoo/sql_db.py", line 357, in execute
    res = self._obj.execute(query, params)
          ^^^^^^^^^^^^^^^^^^^^^^^^^^^^^^^^
psycopg2.errors.InsufficientPrivilege: permission denied for table ir_module_module

2025-08-19 13:08:20,915 12215 INFO odoo_db odoo.service.server: Worker (12215) exiting. request_count: 0, registry count: 0. 
2025-08-19 13:08:21,017 12326 INFO odoo_db odoo.service.server: Worker WorkerCron (12326) alive 
2025-08-19 13:09:03,892 10796 ERROR ? odoo.http: Exception during request handling. 
Traceback (most recent call last):
  File "/home/mikita/project/odoo/odoo/odoo/http.py", line 2546, in __call__
    request._post_init()
  File "/home/mikita/project/odoo/odoo/odoo/http.py", line 1632, in _post_init
    self.session, self.db = self._get_session_and_dbname()
                            ^^^^^^^^^^^^^^^^^^^^^^^^^^^^^^
  File "/home/mikita/project/odoo/odoo/odoo/http.py", line 1637, in _get_session_and_dbname
    if not sid or not root.session_store.is_valid_key(sid):
                      ^^^^^^^^^^^^^^^^^^
  File "/home/mikita/project/odoo/odoo/odoo/tools/func.py", line 42, in __get__
    value = self.fget(obj)
            ^^^^^^^^^^^^^^
  File "/home/mikita/project/odoo/odoo/odoo/http.py", line 2471, in session_store
    path = odoo.tools.config.session_dir
           ^^^^^^^^^^^^^^^^^^^^^^^^^^^^^
  File "/home/mikita/project/odoo/odoo/odoo/tools/config.py", line 803, in session_dir
    os.makedirs(d, 0o700)
  File "<frozen os>", line 215, in makedirs
  File "<frozen os>", line 225, in makedirs
PermissionError: [Errno 13] Отказано в доступе: '/var/lib/odoo'
2025-08-19 13:09:03,892 10796 INFO ? werkzeug: 127.0.0.1 - - [19/Aug/2025 13:09:03] "GET /websocket?version=18.0-5 HTTP/1.1" 500 - 0 0.000 0.001
2025-08-19 13:09:23,226 12318 ERROR odoo_db odoo.sql_db: bad query: b"\n            SELECT latest_version\n            FROM ir_module_module\n             WHERE name='base'\n        "
ERROR: permission denied for table ir_module_module
 
2025-08-19 13:09:23,227 12318 ERROR ? odoo.service.server: Worker WorkerCron (12318) Exception occurred, exiting... 
Traceback (most recent call last):
  File "/home/mikita/project/odoo/odoo/odoo/service/server.py", line 1160, in _runloop
    self.process_work()
  File "/home/mikita/project/odoo/odoo/odoo/service/server.py", line 1259, in process_work
    base.models.ir_cron.ir_cron._process_jobs(db_name)
  File "/home/mikita/project/odoo/odoo/odoo/addons/base/models/ir_cron.py", line 133, in _process_jobs
    cls._check_version(cron_cr)
  File "/home/mikita/project/odoo/odoo/odoo/addons/base/models/ir_cron.py", line 173, in _check_version
    cron_cr.execute("""
  File "/home/mikita/project/odoo/odoo/odoo/sql_db.py", line 357, in execute
    res = self._obj.execute(query, params)
          ^^^^^^^^^^^^^^^^^^^^^^^^^^^^^^^^
psycopg2.errors.InsufficientPrivilege: permission denied for table ir_module_module

2025-08-19 13:09:23,228 12318 INFO odoo_db odoo.service.server: Worker (12318) exiting. request_count: 0, registry count: 0. 
2025-08-19 13:09:23,332 12370 INFO odoo_db odoo.service.server: Worker WorkerCron (12370) alive 
2025-08-19 13:09:27,218 12326 ERROR odoo_db odoo.sql_db: bad query: b"\n            SELECT latest_version\n            FROM ir_module_module\n             WHERE name='base'\n        "
ERROR: permission denied for table ir_module_module
 
2025-08-19 13:09:27,218 12326 ERROR ? odoo.service.server: Worker WorkerCron (12326) Exception occurred, exiting... 
Traceback (most recent call last):
  File "/home/mikita/project/odoo/odoo/odoo/service/server.py", line 1160, in _runloop
    self.process_work()
  File "/home/mikita/project/odoo/odoo/odoo/service/server.py", line 1259, in process_work
    base.models.ir_cron.ir_cron._process_jobs(db_name)
  File "/home/mikita/project/odoo/odoo/odoo/addons/base/models/ir_cron.py", line 133, in _process_jobs
    cls._check_version(cron_cr)
  File "/home/mikita/project/odoo/odoo/odoo/addons/base/models/ir_cron.py", line 173, in _check_version
    cron_cr.execute("""
  File "/home/mikita/project/odoo/odoo/odoo/sql_db.py", line 357, in execute
    res = self._obj.execute(query, params)
          ^^^^^^^^^^^^^^^^^^^^^^^^^^^^^^^^
psycopg2.errors.InsufficientPrivilege: permission denied for table ir_module_module

2025-08-19 13:09:27,219 12326 INFO odoo_db odoo.service.server: Worker (12326) exiting. request_count: 0, registry count: 0. 
2025-08-19 13:09:27,325 12378 INFO odoo_db odoo.service.server: Worker WorkerCron (12378) alive 
2025-08-19 13:10:03,954 10801 ERROR ? odoo.http: Exception during request handling. 
Traceback (most recent call last):
  File "/home/mikita/project/odoo/odoo/odoo/http.py", line 2546, in __call__
    request._post_init()
  File "/home/mikita/project/odoo/odoo/odoo/http.py", line 1632, in _post_init
    self.session, self.db = self._get_session_and_dbname()
                            ^^^^^^^^^^^^^^^^^^^^^^^^^^^^^^
  File "/home/mikita/project/odoo/odoo/odoo/http.py", line 1637, in _get_session_and_dbname
    if not sid or not root.session_store.is_valid_key(sid):
                      ^^^^^^^^^^^^^^^^^^
  File "/home/mikita/project/odoo/odoo/odoo/tools/func.py", line 42, in __get__
    value = self.fget(obj)
            ^^^^^^^^^^^^^^
  File "/home/mikita/project/odoo/odoo/odoo/http.py", line 2471, in session_store
    path = odoo.tools.config.session_dir
           ^^^^^^^^^^^^^^^^^^^^^^^^^^^^^
  File "/home/mikita/project/odoo/odoo/odoo/tools/config.py", line 803, in session_dir
    os.makedirs(d, 0o700)
  File "<frozen os>", line 215, in makedirs
  File "<frozen os>", line 225, in makedirs
PermissionError: [Errno 13] Отказано в доступе: '/var/lib/odoo'
2025-08-19 13:10:03,955 10801 INFO ? werkzeug: 127.0.0.1 - - [19/Aug/2025 13:10:03] "GET /websocket?version=18.0-5 HTTP/1.1" 500 - 0 0.000 0.001
2025-08-19 13:10:06,124 10801 INFO odoo_db odoo.service.server: Worker (10801) exiting. request_count: 4, registry count: 0. 
2025-08-19 13:10:06,124 10793 INFO odoo_db odoo.service.server: Stopping gracefully 
2025-08-19 13:10:06,124 10796 INFO odoo_db odoo.service.server: Worker (10796) exiting. request_count: 4, registry count: 0. 
2025-08-19 13:10:06,124 10799 INFO odoo_db odoo.service.server: Worker (10799) exiting. request_count: 1, registry count: 0. 
2025-08-19 13:10:06,124 10797 INFO odoo_db odoo.service.server: Worker (10797) exiting. request_count: 2, registry count: 0. 
2025-08-19 13:10:06,204 12378 INFO odoo_db odoo.service.server: Worker (12378) exiting. request_count: 0, registry count: 0. 
2025-08-19 13:10:06,224 12370 INFO odoo_db odoo.service.server: Worker (12370) exiting. request_count: 0, registry count: 0. 
2025-08-19 13:33:55,886 17607 INFO ? odoo: Odoo version 18.0 
2025-08-19 13:33:55,887 17607 INFO ? odoo: Using configuration file at /home/mikita/project/odoo/odoo/odoo.conf 
2025-08-19 13:33:55,887 17607 INFO ? odoo: addons paths: ['/home/mikita/project/odoo/odoo/odoo/addons', '/home/mikita/project/odoo/odoo/.odoo_data/addons/18.0', '/home/mikita/project/odoo/addons', '/home/mikita/project/odoo/odoo/addons', '/home/mikita/project/odoo/odoo/custom_addons'] 
2025-08-19 13:33:55,887 17607 INFO ? odoo: database: odoo@localhost:5432 
2025-08-19 13:33:55,959 17607 INFO ? odoo.addons.base.models.ir_actions_report: You need Wkhtmltopdf to print a pdf version of the reports. 
2025-08-19 13:33:55,959 17607 INFO ? odoo.addons.base.models.ir_actions_report: You need Wkhtmltoimage to generate images from html. 
2025-08-19 13:33:56,057 17607 INFO ? odoo.service.server: HTTP service (werkzeug) running on 0.0.0.0:8069 
2025-08-19 13:33:56,069 17607 ERROR odoo_db odoo.sql_db: bad query: b'CREATE SEQUENCE "base_registry_signaling" INCREMENT BY 1 START WITH 1'
ERROR: relation "base_registry_signaling" already exists
 
2025-08-19 13:33:56,069 17607 ERROR odoo_db odoo.modules.registry: Failed to load registry 
2025-08-19 13:33:56,070 17607 CRITICAL odoo_db odoo.service.server: Failed to initialize database `odoo_db`. 
Traceback (most recent call last):
  File "/home/mikita/project/odoo/odoo/odoo/service/server.py", line 1361, in preload_registries
    registry = Registry.new(dbname, update_module=update_module)
               ^^^^^^^^^^^^^^^^^^^^^^^^^^^^^^^^^^^^^^^^^^^^^^^^^
  File "/home/mikita/project/odoo/odoo/.venv/lib/python3.12/site-packages/decorator.py", line 232, in fun
    return caller(func, *(extras + args), **kw)
           ^^^^^^^^^^^^^^^^^^^^^^^^^^^^^^^^^^^^
  File "/home/mikita/project/odoo/odoo/odoo/tools/func.py", line 97, in locked
    return func(inst, *args, **kwargs)
           ^^^^^^^^^^^^^^^^^^^^^^^^^^^
  File "/home/mikita/project/odoo/odoo/odoo/modules/registry.py", line 126, in new
    registry.setup_signaling()
  File "/home/mikita/project/odoo/odoo/odoo/modules/registry.py", line 847, in setup_signaling
    cr.execute(SQL(
  File "/home/mikita/project/odoo/odoo/odoo/sql_db.py", line 357, in execute
    res = self._obj.execute(query, params)
          ^^^^^^^^^^^^^^^^^^^^^^^^^^^^^^^^
psycopg2.errors.DuplicateTable: relation "base_registry_signaling" already exists

2025-08-19 13:33:56,070 17607 INFO odoo_db odoo.service.server: Stopping gracefully 
2025-08-19 13:34:39,997 17746 INFO ? odoo: Odoo version 18.0 
2025-08-19 13:34:39,997 17746 INFO ? odoo: Using configuration file at /home/mikita/project/odoo/odoo/odoo.conf 
2025-08-19 13:34:39,997 17746 INFO ? odoo: addons paths: ['/home/mikita/project/odoo/odoo/odoo/addons', '/home/mikita/project/odoo/odoo/.odoo_data/addons/18.0', '/home/mikita/project/odoo/addons', '/home/mikita/project/odoo/odoo/addons', '/home/mikita/project/odoo/odoo/custom_addons'] 
2025-08-19 13:34:39,997 17746 INFO ? odoo: database: odoo@localhost:5432 
2025-08-19 13:34:40,971 17746 INFO ? odoo.addons.base.models.ir_actions_report: You need Wkhtmltopdf to print a pdf version of the reports. 
2025-08-19 13:34:40,971 17746 INFO ? odoo.addons.base.models.ir_actions_report: You need Wkhtmltoimage to generate images from html. 
2025-08-19 13:34:41,071 17746 INFO ? odoo.service.server: HTTP service (werkzeug) running on 0.0.0.0:8069 
2025-08-19 13:34:41,089 17746 INFO odoo_db_clean odoo.modules.loading: init db 
2025-08-19 13:34:41,985 17746 WARNING odoo_db_clean odoo.modules.module: addons path does not exist: /home/mikita/project/odoo/addons 
2025-08-19 13:34:42,306 17746 WARNING odoo_db_clean odoo.modules.module: Missing `license` key in manifest for 'library_management', defaulting to LGPL-3 
2025-08-19 13:34:42,343 17746 WARNING odoo_db_clean odoo.modules.module: Missing `license` key in manifest for 'my_first_addons', defaulting to LGPL-3 
2025-08-19 13:34:42,610 17746 INFO odoo_db_clean odoo.modules.loading: loading 1 modules... 
2025-08-19 13:34:42,610 17746 INFO odoo_db_clean odoo.modules.loading: Loading module base (1/1) 
2025-08-19 13:34:42,626 17746 INFO odoo_db_clean odoo.modules.registry: module base: creating or updating database tables 
2025-08-19 13:34:47,131 17746 INFO odoo_db_clean odoo.models: Prepare computation of ir.module.module.menus_by_module 
2025-08-19 13:34:47,132 17746 INFO odoo_db_clean odoo.models: Prepare computation of ir.module.module.reports_by_module 
2025-08-19 13:34:47,132 17746 INFO odoo_db_clean odoo.models: Prepare computation of ir.module.module.views_by_module 
2025-08-19 13:34:48,535 17746 INFO odoo_db_clean odoo.models: Prepare computation of res.partner.user_id 
2025-08-19 13:34:48,535 17746 INFO odoo_db_clean odoo.models: Prepare computation of res.partner.commercial_partner_id 
2025-08-19 13:34:48,535 17746 INFO odoo_db_clean odoo.models: Prepare computation of res.partner.complete_name 
2025-08-19 13:34:48,535 17746 INFO odoo_db_clean odoo.models: Prepare computation of res.partner.company_registry 
2025-08-19 13:34:48,535 17746 INFO odoo_db_clean odoo.models: Prepare computation of res.partner.commercial_company_name 
2025-08-19 13:34:48,535 17746 INFO odoo_db_clean odoo.models: Prepare computation of res.partner.partner_share 
2025-08-19 13:34:48,931 17746 INFO odoo_db_clean odoo.models: Prepare computation of res.currency.decimal_places 
2025-08-19 13:34:49,177 17746 INFO odoo_db_clean odoo.models: Prepare computation of res.company.uses_default_logo 
2025-08-19 13:34:49,177 17746 INFO odoo_db_clean odoo.models: Prepare computation of res.company.logo_web 
2025-08-19 13:34:49,207 17746 INFO odoo_db_clean odoo.models: Computing parent_path for table res_company... 
2025-08-19 13:34:49,447 17746 INFO odoo_db_clean odoo.models: Prepare computation of res.users.signature 
2025-08-19 13:34:49,447 17746 INFO odoo_db_clean odoo.models: Prepare computation of res.users.share 
2025-08-19 13:34:55,175 17746 INFO odoo_db_clean odoo.modules.loading: loading base/data/res_bank.xml 
2025-08-19 13:34:55,178 17746 INFO odoo_db_clean odoo.modules.loading: loading base/data/res.lang.csv 
2025-08-19 13:34:55,211 17746 INFO odoo_db_clean odoo.modules.loading: loading base/data/res_lang_data.xml 
2025-08-19 13:34:55,233 17746 INFO odoo_db_clean odoo.modules.loading: loading base/data/res_partner_data.xml 
2025-08-19 13:34:55,267 17746 INFO odoo_db_clean odoo.modules.loading: loading base/data/res_currency_data.xml 
2025-08-19 13:34:55,543 17746 INFO odoo_db_clean odoo.modules.loading: loading base/data/res_company_data.xml 
2025-08-19 13:34:55,547 17746 INFO odoo_db_clean odoo.modules.loading: loading base/data/res_users_data.xml 
2025-08-19 13:34:56,346 17746 INFO odoo_db_clean odoo.modules.loading: loading base/data/report_paperformat_data.xml 
2025-08-19 13:34:56,351 17746 INFO odoo_db_clean odoo.modules.loading: loading base/data/res_country_data.xml 
2025-08-19 13:34:56,586 17746 INFO odoo_db_clean odoo.modules.loading: loading base/data/ir_demo_data.xml 
2025-08-19 13:34:56,593 17746 INFO odoo_db_clean odoo.modules.loading: loading base/security/base_groups.xml 
2025-08-19 13:34:58,057 17746 INFO odoo_db_clean odoo.modules.loading: loading base/security/base_security.xml 
2025-08-19 13:34:58,138 17746 INFO odoo_db_clean odoo.modules.loading: loading base/views/base_menus.xml 
2025-08-19 13:34:58,173 17746 INFO odoo_db_clean odoo.modules.loading: loading base/views/decimal_precision_views.xml 
2025-08-19 13:34:58,182 17746 INFO odoo_db_clean odoo.modules.loading: loading base/views/res_config_views.xml 
2025-08-19 13:34:58,185 17746 INFO odoo_db_clean odoo.modules.loading: loading base/data/res.country.state.csv 
2025-08-19 13:34:58,664 17746 INFO odoo_db_clean odoo.modules.loading: loading base/views/ir_actions_views.xml 
2025-08-19 13:34:58,747 17746 INFO odoo_db_clean odoo.modules.loading: loading base/views/ir_asset_views.xml 
2025-08-19 13:34:58,757 17746 INFO odoo_db_clean odoo.modules.loading: loading base/views/ir_config_parameter_views.xml 
2025-08-19 13:34:58,766 17746 INFO odoo_db_clean odoo.modules.loading: loading base/views/ir_cron_views.xml 
2025-08-19 13:34:58,782 17746 INFO odoo_db_clean odoo.modules.loading: loading base/views/ir_cron_trigger_views.xml 
2025-08-19 13:34:58,793 17746 INFO odoo_db_clean odoo.modules.loading: loading base/views/ir_filters_views.xml 
2025-08-19 13:34:58,804 17746 INFO odoo_db_clean odoo.modules.loading: loading base/views/ir_mail_server_views.xml 
2025-08-19 13:34:58,817 17746 INFO odoo_db_clean odoo.modules.loading: loading base/views/ir_model_views.xml 
2025-08-19 13:34:58,905 17746 INFO odoo_db_clean odoo.modules.loading: loading base/views/ir_attachment_views.xml 
2025-08-19 13:34:58,916 17746 INFO odoo_db_clean odoo.modules.loading: loading base/views/ir_rule_views.xml 
2025-08-19 13:34:58,928 17746 INFO odoo_db_clean odoo.modules.loading: loading base/views/ir_sequence_views.xml 
2025-08-19 13:34:58,940 17746 INFO odoo_db_clean odoo.modules.loading: loading base/views/ir_ui_menu_views.xml 
2025-08-19 13:34:58,954 17746 INFO odoo_db_clean odoo.modules.loading: loading base/views/ir_ui_view_views.xml 
2025-08-19 13:34:58,981 17746 INFO odoo_db_clean odoo.modules.loading: loading base/views/ir_default_views.xml 
2025-08-19 13:34:58,991 17746 INFO odoo_db_clean odoo.modules.loading: loading base/data/ir_config_parameter_data.xml 
2025-08-19 13:34:58,993 17746 INFO odoo_db_clean odoo.modules.loading: loading base/data/ir_cron_data.xml 
2025-08-19 13:34:58,999 17746 INFO odoo_db_clean odoo.modules.loading: loading base/report/ir_model_report.xml 
2025-08-19 13:34:59,002 17746 INFO odoo_db_clean odoo.modules.loading: loading base/report/ir_model_templates.xml 
2025-08-19 13:34:59,006 17746 INFO odoo_db_clean odoo.modules.loading: loading base/views/ir_logging_views.xml 
2025-08-19 13:34:59,017 17746 INFO odoo_db_clean odoo.modules.loading: loading base/views/ir_qweb_widget_templates.xml 
2025-08-19 13:34:59,023 17746 INFO odoo_db_clean odoo.modules.loading: loading base/views/ir_module_views.xml 
2025-08-19 13:34:59,054 17746 INFO odoo_db_clean odoo.modules.loading: loading base/data/ir_module_category_data.xml 
2025-08-19 13:34:59,091 17746 INFO odoo_db_clean odoo.modules.loading: loading base/data/ir_module_module.xml 
2025-08-19 13:34:59,123 17746 INFO odoo_db_clean odoo.modules.loading: loading base/report/ir_module_reports.xml 
2025-08-19 13:34:59,125 17746 INFO odoo_db_clean odoo.modules.loading: loading base/report/ir_module_report_templates.xml 
2025-08-19 13:34:59,129 17746 INFO odoo_db_clean odoo.modules.loading: loading base/wizard/base_module_update_views.xml 
2025-08-19 13:34:59,137 17746 INFO odoo_db_clean odoo.modules.loading: loading base/wizard/base_language_install_views.xml 
2025-08-19 13:34:59,144 17746 INFO odoo_db_clean odoo.modules.loading: loading base/wizard/base_import_language_views.xml 
2025-08-19 13:34:59,151 17746 INFO odoo_db_clean odoo.modules.loading: loading base/wizard/base_module_upgrade_views.xml 
2025-08-19 13:34:59,161 17746 INFO odoo_db_clean odoo.modules.loading: loading base/wizard/base_module_uninstall_views.xml 
2025-08-19 13:34:59,166 17746 INFO odoo_db_clean odoo.modules.loading: loading base/wizard/base_export_language_views.xml 
2025-08-19 13:34:59,174 17746 INFO odoo_db_clean odoo.modules.loading: loading base/wizard/base_partner_merge_views.xml 
2025-08-19 13:34:59,182 17746 INFO odoo_db_clean odoo.modules.loading: loading base/data/ir_demo_failure_data.xml 
2025-08-19 13:34:59,191 17746 INFO odoo_db_clean odoo.modules.loading: loading base/views/ir_profile_views.xml 
2025-08-19 13:34:59,203 17746 INFO odoo_db_clean odoo.modules.loading: loading base/views/res_company_views.xml 
2025-08-19 13:34:59,215 17746 INFO odoo_db_clean odoo.modules.loading: loading base/views/res_lang_views.xml 
2025-08-19 13:34:59,227 17746 INFO odoo_db_clean odoo.modules.loading: loading base/views/res_partner_views.xml 
2025-08-19 13:34:59,287 17746 INFO odoo_db_clean odoo.modules.loading: loading base/views/res_bank_views.xml 
2025-08-19 13:34:59,304 17746 INFO odoo_db_clean odoo.modules.loading: loading base/views/res_country_views.xml 
2025-08-19 13:34:59,328 17746 INFO odoo_db_clean odoo.modules.loading: loading base/views/res_currency_views.xml 
2025-08-19 13:34:59,348 17746 INFO odoo_db_clean odoo.modules.loading: loading base/views/res_users_views.xml 
2025-08-19 13:34:59,421 17746 INFO odoo_db_clean odoo.modules.loading: loading base/views/res_device_views.xml 
2025-08-19 13:34:59,432 17746 INFO odoo_db_clean odoo.modules.loading: loading base/views/res_users_identitycheck_views.xml 
2025-08-19 13:34:59,437 17746 INFO odoo_db_clean odoo.modules.loading: loading base/views/res_config_settings_views.xml 
2025-08-19 13:34:59,441 17746 INFO odoo_db_clean odoo.modules.loading: loading base/views/report_paperformat_views.xml 
2025-08-19 13:34:59,455 17746 INFO odoo_db_clean odoo.modules.loading: loading base/security/ir.model.access.csv 
2025-08-19 13:34:59,535 17746 INFO odoo_db_clean odoo.modules.loading: Module base: loading demo 
2025-08-19 13:34:59,536 17746 INFO odoo_db_clean odoo.modules.loading: loading base/data/res_users_demo.xml 
2025-08-19 13:35:00,669 17746 INFO odoo_db_clean odoo.modules.loading: loading base/data/res_partner_bank_demo.xml 
2025-08-19 13:35:00,672 17746 INFO odoo_db_clean odoo.modules.loading: loading base/data/res_currency_demo.xml 
2025-08-19 13:35:00,674 17746 INFO odoo_db_clean odoo.modules.loading: loading base/data/res_currency_rate_demo.xml 
2025-08-19 13:35:00,815 17746 INFO odoo_db_clean odoo.modules.loading: loading base/data/res_bank_demo.xml 
2025-08-19 13:35:00,818 17746 INFO odoo_db_clean odoo.modules.loading: loading base/data/res_partner_demo.xml 
2025-08-19 13:35:00,906 17746 INFO odoo_db_clean odoo.modules.loading: loading base/data/res_partner_image_demo.xml 
2025-08-19 13:35:01,208 17746 INFO odoo_db_clean odoo.modules.loading: Module base loaded in 18.60s, 9250 queries (+9250 other) 
2025-08-19 13:35:01,208 17746 INFO odoo_db_clean odoo.modules.loading: 1 modules loaded in 18.60s, 9250 queries (+9250 extra) 
2025-08-19 13:35:01,220 17746 INFO odoo_db_clean odoo.modules.loading: updating modules list 
2025-08-19 13:35:01,221 17746 INFO odoo_db_clean odoo.addons.base.models.ir_module: ALLOW access to module.update_list on [] to user __system__ #1 via n/a 
2025-08-19 13:35:01,228 17746 WARNING odoo_db_clean odoo.modules.module: addons path does not exist: /home/mikita/project/odoo/addons 
2025-08-19 13:35:01,603 17746 INFO odoo_db_clean odoo.addons.base.models.ir_module: ALLOW access to module.button_install on ['Library Management'] to user __system__ #1 via n/a 
2025-08-19 13:35:01,644 17746 INFO odoo_db_clean odoo.modules.loading: loading 13 modules... 
2025-08-19 13:35:01,644 17746 INFO odoo_db_clean odoo.modules.loading: Loading module library_management (2/13) 
2025-08-19 13:35:01,667 17746 INFO odoo_db_clean odoo.modules.registry: module library_management: creating or updating database tables 
2025-08-19 13:35:01,829 17746 WARNING odoo_db_clean odoo.modules.loading: The models ['library.book'] have no access rules in module library_management, consider adding some, like:
id,name,model_id:id,group_id:id,perm_read,perm_write,perm_create,perm_unlink
library_management.access_library_book,access_library_book,library_management.model_library_book,base.group_user,1,0,0,0 
2025-08-19 13:35:01,831 17746 INFO odoo_db_clean odoo.modules.loading: Module library_management loaded in 0.19s, 37 queries (+37 other) 
2025-08-19 13:35:01,831 17746 INFO odoo_db_clean odoo.modules.loading: Loading module web (3/13) 
2025-08-19 13:35:01,848 17746 INFO odoo_db_clean odoo.modules.registry: module web: creating or updating database tables 
2025-08-19 13:35:02,339 17746 INFO odoo_db_clean odoo.modules.loading: loading web/security/ir.model.access.csv 
2025-08-19 13:35:02,350 17746 INFO odoo_db_clean odoo.modules.loading: loading web/views/webclient_templates.xml 
2025-08-19 13:35:02,381 17746 INFO odoo_db_clean odoo.modules.loading: loading web/views/report_templates.xml 
2025-08-19 13:35:02,436 17746 INFO odoo_db_clean odoo.modules.loading: loading web/views/base_document_layout_views.xml 
2025-08-19 13:35:02,444 17746 INFO odoo_db_clean odoo.modules.loading: loading web/views/partner_view.xml 
2025-08-19 13:35:02,447 17746 INFO odoo_db_clean odoo.modules.loading: loading web/views/speedscope_template.xml 
2025-08-19 13:35:02,449 17746 INFO odoo_db_clean odoo.modules.loading: loading web/views/neutralize_views.xml 
2025-08-19 13:35:02,452 17746 INFO odoo_db_clean odoo.modules.loading: loading web/data/ir_attachment.xml 
2025-08-19 13:35:02,455 17746 INFO odoo_db_clean odoo.modules.loading: loading web/data/report_layout.xml 
2025-08-19 13:35:02,506 17746 WARNING odoo_db_clean odoo.modules.loading: The models ['library.book'] have no access rules in module web, consider adding some, like:
id,name,model_id:id,group_id:id,perm_read,perm_write,perm_create,perm_unlink
web.access_library_book,access_library_book,web.model_library_book,base.group_user,1,0,0,0 
2025-08-19 13:35:02,510 17746 INFO odoo_db_clean odoo.modules.loading: Module web loaded in 0.68s, 1106 queries (+1106 other) 
2025-08-19 13:35:02,510 17746 INFO odoo_db_clean odoo.modules.loading: Loading module auth_totp (4/13) 
2025-08-19 13:35:02,529 17746 INFO odoo_db_clean odoo.modules.registry: module auth_totp: creating or updating database tables 
2025-08-19 13:35:03,055 17746 INFO odoo_db_clean odoo.modules.loading: loading auth_totp/security/security.xml 
2025-08-19 13:35:03,078 17746 INFO odoo_db_clean odoo.modules.loading: loading auth_totp/security/ir.model.access.csv 
2025-08-19 13:35:03,116 17746 INFO odoo_db_clean odoo.modules.loading: loading auth_totp/data/ir_action_data.xml 
2025-08-19 13:35:03,123 17746 INFO odoo_db_clean odoo.modules.loading: loading auth_totp/views/res_users_views.xml 
2025-08-19 13:35:03,159 17746 INFO odoo_db_clean odoo.modules.loading: loading auth_totp/views/templates.xml 
2025-08-19 13:35:03,164 17746 INFO odoo_db_clean odoo.modules.loading: loading auth_totp/wizard/auth_totp_wizard_views.xml 
2025-08-19 13:35:03,240 17746 INFO odoo_db_clean odoo.modules.loading: Module auth_totp loaded in 0.73s, 188 queries (+188 other) 
2025-08-19 13:35:03,241 17746 INFO odoo_db_clean odoo.modules.loading: Loading module base_import (5/13) 
2025-08-19 13:35:03,361 17746 INFO odoo_db_clean odoo.modules.registry: module base_import: creating or updating database tables 
2025-08-19 13:35:04,217 17746 INFO odoo_db_clean odoo.modules.loading: loading base_import/security/ir.model.access.csv 
2025-08-19 13:35:04,279 17746 WARNING odoo_db_clean odoo.modules.loading: The models ['library.book'] have no access rules in module base_import, consider adding some, like:
id,name,model_id:id,group_id:id,perm_read,perm_write,perm_create,perm_unlink
base_import.access_library_book,access_library_book,base_import.model_library_book,base.group_user,1,0,0,0 
2025-08-19 13:35:04,281 17746 INFO odoo_db_clean odoo.modules.loading: Module base_import loaded in 1.04s, 883 queries (+883 other) 
2025-08-19 13:35:04,281 17746 INFO odoo_db_clean odoo.modules.loading: Loading module base_import_module (6/13) 
2025-08-19 13:35:04,303 17746 INFO odoo_db_clean odoo.modules.registry: module base_import_module: creating or updating database tables 
2025-08-19 13:35:04,526 17746 INFO odoo_db_clean odoo.modules.loading: loading base_import_module/security/ir.model.access.csv 
2025-08-19 13:35:04,578 17746 INFO odoo_db_clean odoo.modules.loading: loading base_import_module/views/base_import_module_view.xml 
2025-08-19 13:35:04,617 17746 INFO odoo_db_clean odoo.modules.loading: loading base_import_module/views/ir_module_views.xml 
2025-08-19 13:35:04,721 17746 INFO odoo_db_clean odoo.modules.loading: Module base_import_module loaded in 0.44s, 164 queries (+164 other) 
2025-08-19 13:35:04,721 17746 INFO odoo_db_clean odoo.modules.loading: Loading module base_setup (7/13) 
2025-08-19 13:35:04,736 17746 INFO odoo_db_clean odoo.modules.registry: module base_setup: creating or updating database tables 
2025-08-19 13:35:04,770 17746 INFO odoo_db_clean odoo.modules.loading: loading base_setup/data/base_setup_data.xml 
2025-08-19 13:35:04,774 17746 INFO odoo_db_clean odoo.modules.loading: loading base_setup/views/res_config_settings_views.xml 
2025-08-19 13:35:04,794 17746 INFO odoo_db_clean odoo.modules.loading: loading base_setup/views/res_partner_views.xml 
2025-08-19 13:35:04,861 17746 INFO odoo_db_clean odoo.modules.loading: Module base_setup loaded in 0.14s, 150 queries (+150 other) 
2025-08-19 13:35:04,861 17746 INFO odoo_db_clean odoo.modules.loading: Loading module bus (8/13) 
2025-08-19 13:35:04,909 17746 INFO odoo_db_clean odoo.modules.registry: module bus: creating or updating database tables 
2025-08-19 13:35:05,464 17746 INFO odoo_db_clean odoo.modules.loading: loading bus/security/ir.model.access.csv 
2025-08-19 13:35:05,606 17746 INFO odoo_db_clean odoo.modules.loading: Module bus loaded in 0.75s, 165 queries (+165 other) 
2025-08-19 13:35:05,606 17746 INFO odoo_db_clean odoo.modules.loading: Loading module web_tour (9/13) 
2025-08-19 13:35:05,626 17746 INFO odoo_db_clean odoo.modules.registry: module web_tour: creating or updating database tables 
2025-08-19 13:35:05,630 17746 INFO odoo_db_clean odoo.models: Prepare computation of res.users.tour_enabled 
2025-08-19 13:35:06,434 17746 INFO odoo_db_clean odoo.modules.loading: loading web_tour/security/ir.model.access.csv 
2025-08-19 13:35:06,494 17746 INFO odoo_db_clean odoo.modules.loading: loading web_tour/views/tour_views.xml 
2025-08-19 13:35:06,529 17746 INFO odoo_db_clean odoo.modules.loading: loading web_tour/views/res_users_views.xml 
2025-08-19 13:35:06,591 17746 INFO odoo_db_clean odoo.modules.loading: Module web_tour loaded in 0.98s, 188 queries (+188 other) 
2025-08-19 13:35:06,591 17746 INFO odoo_db_clean odoo.modules.loading: Loading module html_editor (10/13) 
2025-08-19 13:35:06,667 17746 INFO odoo_db_clean odoo.modules.registry: module html_editor: creating or updating database tables 
2025-08-19 13:35:06,862 17746 INFO odoo_db_clean odoo.modules.loading: Module html_editor loaded in 0.27s, 46 queries (+46 other) 
2025-08-19 13:35:06,862 17746 INFO odoo_db_clean odoo.modules.loading: Loading module iap (11/13) 
2025-08-19 13:35:06,902 17746 INFO odoo_db_clean odoo.modules.registry: module iap: creating or updating database tables 
2025-08-19 13:35:07,742 17746 INFO odoo_db_clean odoo.modules.loading: loading iap/data/services.xml 
2025-08-19 13:35:07,745 17746 INFO odoo_db_clean odoo.modules.loading: loading iap/security/ir.model.access.csv 
2025-08-19 13:35:07,770 17746 INFO odoo_db_clean odoo.modules.loading: loading iap/security/ir_rule.xml 
2025-08-19 13:35:07,775 17746 INFO odoo_db_clean odoo.modules.loading: loading iap/views/iap_views.xml 
2025-08-19 13:35:07,828 17746 INFO odoo_db_clean odoo.modules.loading: loading iap/views/res_config_settings.xml 
2025-08-19 13:35:07,902 17746 INFO odoo_db_clean odoo.modules.loading: Module iap loaded in 1.04s, 183 queries (+183 other) 
2025-08-19 13:35:07,903 17746 INFO odoo_db_clean odoo.modules.loading: Loading module web_editor (12/13) 
2025-08-19 13:35:07,938 17746 INFO odoo_db_clean odoo.modules.registry: module web_editor: creating or updating database tables 
2025-08-19 13:35:08,887 17746 INFO odoo_db_clean odoo.modules.loading: loading web_editor/security/ir.model.access.csv 
2025-08-19 13:35:08,945 17746 INFO odoo_db_clean odoo.modules.loading: loading web_editor/data/editor_assets.xml 
2025-08-19 13:35:08,957 17746 INFO odoo_db_clean odoo.modules.loading: loading web_editor/views/editor.xml 
2025-08-19 13:35:08,975 17746 INFO odoo_db_clean odoo.modules.loading: loading web_editor/views/snippets.xml 
2025-08-19 13:35:09,042 17746 WARNING odoo_db_clean odoo.modules.loading: The models ['library.book'] have no access rules in module web_editor, consider adding some, like:
id,name,model_id:id,group_id:id,perm_read,perm_write,perm_create,perm_unlink
web_editor.access_library_book,access_library_book,web_editor.model_library_book,base.group_user,1,0,0,0 
2025-08-19 13:35:09,060 17746 INFO odoo_db_clean odoo.modules.loading: Module web_editor loaded in 1.16s, 1013 queries (+1013 other) 
2025-08-19 13:35:09,061 17746 INFO odoo_db_clean odoo.modules.loading: Loading module web_unsplash (13/13) 
2025-08-19 13:35:09,101 17746 INFO odoo_db_clean odoo.modules.registry: module web_unsplash: creating or updating database tables 
2025-08-19 13:35:09,141 17746 INFO odoo_db_clean odoo.modules.loading: loading web_unsplash/views/res_config_settings_view.xml 
2025-08-19 13:35:09,198 17746 INFO odoo_db_clean odoo.modules.loading: Module web_unsplash loaded in 0.14s, 98 queries (+98 other) 
2025-08-19 13:35:09,198 17746 INFO odoo_db_clean odoo.modules.loading: 13 modules loaded in 7.55s, 4221 queries (+4221 extra) 
2025-08-19 13:35:09,352 17746 INFO odoo_db_clean odoo.modules.loading: Modules loaded. 
2025-08-19 13:35:09,389 17746 INFO odoo_db_clean odoo.modules.registry: Registry changed, signaling through the database 
2025-08-19 13:35:09,392 17746 INFO odoo_db_clean odoo.modules.registry: Registry loaded in 28.321s 
2025-08-19 13:35:09,392 17746 INFO odoo_db_clean odoo.service.server: Stopping gracefully 
2025-08-19 13:52:33,386 5337 INFO ? odoo: Odoo version 18.0 
2025-08-19 13:52:33,429 5337 INFO ? odoo: Using configuration file at /home/mikita/project/odoo/odoo/odoo.conf 
2025-08-19 13:52:33,429 5337 INFO ? odoo: addons paths: ['/home/mikita/project/odoo/odoo/odoo/addons', '/home/mikita/project/odoo/odoo/.odoo_data/addons/18.0', '/home/mikita/project/odoo/addons', '/home/mikita/project/odoo/odoo/addons', '/home/mikita/project/odoo/odoo/custom_addons'] 
2025-08-19 13:52:33,429 5337 INFO ? odoo: database: odoo@localhost:5432 
2025-08-19 13:52:33,661 5337 INFO ? odoo.addons.base.models.ir_actions_report: You need Wkhtmltopdf to print a pdf version of the reports. 
2025-08-19 13:52:33,661 5337 INFO ? odoo.addons.base.models.ir_actions_report: You need Wkhtmltoimage to generate images from html. 
2025-08-19 13:52:34,231 5337 INFO ? odoo.service.server: HTTP service (werkzeug) running on 0.0.0.0:8069 
2025-08-19 13:52:34,240 5355 INFO ? odoo.service.server: Worker WorkerHTTP (5355) alive 
2025-08-19 13:52:34,243 5356 INFO ? odoo.service.server: Worker WorkerHTTP (5356) alive 
2025-08-19 13:52:34,244 5357 INFO ? odoo.service.server: Worker WorkerHTTP (5357) alive 
2025-08-19 13:52:34,245 5359 INFO ? odoo.service.server: Worker WorkerHTTP (5359) alive 
2025-08-19 13:52:34,247 5363 INFO ? odoo.service.server: Worker WorkerCron (5363) alive 
2025-08-19 13:52:34,248 5365 INFO ? odoo.service.server: Worker WorkerCron (5365) alive 
2025-08-19 13:52:36,105 5361 INFO ? odoo: Odoo version 18.0 
2025-08-19 13:52:36,105 5361 INFO ? odoo: Using configuration file at /home/mikita/project/odoo/odoo/odoo.conf 
2025-08-19 13:52:36,105 5361 INFO ? odoo: addons paths: ['/home/mikita/project/odoo/odoo/odoo/addons', '/home/mikita/project/odoo/odoo/.odoo_data/addons/18.0', '/home/mikita/project/odoo/addons', '/home/mikita/project/odoo/odoo/addons', '/home/mikita/project/odoo/odoo/custom_addons'] 
2025-08-19 13:52:36,105 5361 INFO ? odoo: database: odoo@localhost:5432 
2025-08-19 13:52:36,165 5361 INFO ? odoo.addons.base.models.ir_actions_report: You need Wkhtmltopdf to print a pdf version of the reports. 
2025-08-19 13:52:36,165 5361 INFO ? odoo.addons.base.models.ir_actions_report: You need Wkhtmltoimage to generate images from html. 
2025-08-19 13:52:36,281 5361 INFO ? odoo.service.server: Evented Service (longpolling) running on 0.0.0.0:8072 
2025-08-19 13:53:38,878 5363 INFO odoo_db_clean odoo.modules.loading: loading 1 modules... 
2025-08-19 13:53:38,908 5363 INFO odoo_db_clean odoo.modules.loading: 1 modules loaded in 0.03s, 0 queries (+0 extra) 
2025-08-19 13:53:38,955 5363 WARNING odoo_db_clean odoo.modules.module: Missing `license` key in manifest for 'library_management', defaulting to LGPL-3 
2025-08-19 13:53:39,006 5363 INFO odoo_db_clean odoo.modules.loading: loading 13 modules... 
2025-08-19 13:53:39,692 5363 INFO odoo_db_clean odoo.modules.loading: 13 modules loaded in 0.69s, 0 queries (+0 extra) 
2025-08-19 13:53:39,924 5363 INFO odoo_db_clean odoo.modules.loading: Modules loaded. 
2025-08-19 13:53:39,957 5363 INFO odoo_db_clean odoo.modules.registry: Registry loaded in 1.302s 
2025-08-19 13:53:39,990 5365 INFO odoo_db_clean odoo.modules.loading: loading 1 modules... 
2025-08-19 13:53:39,996 5365 INFO odoo_db_clean odoo.modules.loading: 1 modules loaded in 0.01s, 0 queries (+0 extra) 
2025-08-19 13:53:39,998 5365 WARNING odoo_db_clean odoo.modules.module: Missing `license` key in manifest for 'library_management', defaulting to LGPL-3 
2025-08-19 13:53:40,001 5365 INFO odoo_db_clean odoo.modules.loading: loading 13 modules... 
2025-08-19 13:53:40,135 5365 INFO odoo_db_clean odoo.modules.loading: 13 modules loaded in 0.13s, 0 queries (+0 extra) 
2025-08-19 13:53:40,156 5365 INFO odoo_db_clean odoo.modules.loading: Modules loaded. 
2025-08-19 13:53:40,157 5365 INFO odoo_db_clean odoo.modules.registry: Registry loaded in 0.180s 
2025-08-19 13:53:40,196 5365 INFO odoo_db_clean odoo.addons.base.models.ir_cron: Job 'Base: Portal Users Deletion' (2) starting 
2025-08-19 13:53:40,205 5363 INFO odoo_db_clean odoo.addons.base.models.ir_cron: Job 'Base: Auto-vacuum internal data' (1) starting 
2025-08-19 13:53:40,288 5365 INFO odoo_db_clean odoo.addons.base.models.ir_cron: Job 'Base: Portal Users Deletion' (2) done in 0.091s 
2025-08-19 13:53:40,313 5365 INFO odoo_db_clean odoo.addons.base.models.ir_cron: Job 'Base: Portal Users Deletion' (2) processed 0 records, 0 records remaining 
2025-08-19 13:53:40,354 5365 INFO odoo_db_clean odoo.addons.base.models.ir_cron: Job 'Base: Portal Users Deletion' (2) completed 
2025-08-19 13:53:40,373 5363 INFO odoo_db_clean odoo.addons.base.models.ir_attachment: filestore gc 58 checked, 0 removed 
2025-08-19 13:53:40,475 5363 INFO odoo_db_clean odoo.addons.base.models.res_users: GC'd 0 user log entries 
2025-08-19 13:53:40,504 5363 INFO odoo_db_clean odoo.addons.base.models.res_users: GC 'res.users.apikeys' delete 0 entries 
2025-08-19 13:53:40,513 5363 INFO odoo_db_clean odoo.addons.base.models.res_device: GC device logs delete 0 entries 
2025-08-19 13:53:40,515 5363 INFO odoo_db_clean odoo.addons.base.models.res_device: GC device logs delete 0 entries 
2025-08-19 13:53:40,558 5363 INFO odoo_db_clean odoo.addons.base.models.res_users: GC 'auth_totp.device' delete 0 entries 
2025-08-19 13:53:40,586 5363 INFO odoo_db_clean odoo.addons.base.models.ir_cron: Job 'Base: Auto-vacuum internal data' (1) done in 0.382s 
2025-08-19 13:53:40,612 5363 INFO odoo_db_clean odoo.addons.base.models.ir_cron: Job 'Base: Auto-vacuum internal data' (1) processed 0 records, 0 records remaining 
2025-08-19 13:53:40,622 5363 INFO odoo_db_clean odoo.addons.base.models.ir_cron: Job 'Base: Auto-vacuum internal data' (1) completed 
2025-08-19 13:53:41,883 5337 INFO ? odoo.service.server: Stopping gracefully 
2025-08-19 13:53:41,883 5359 INFO ? odoo.service.server: Worker (5359) exiting. request_count: 0, registry count: 0. 
2025-08-19 13:53:41,883 5357 INFO ? odoo.service.server: Worker (5357) exiting. request_count: 0, registry count: 0. 
2025-08-19 13:53:41,883 5355 INFO ? odoo.service.server: Worker (5355) exiting. request_count: 0, registry count: 0. 
2025-08-19 13:53:41,883 5356 INFO ? odoo.service.server: Worker (5356) exiting. request_count: 0, registry count: 0. 
2025-08-19 13:53:41,913 5363 INFO ? odoo.service.server: Worker (5363) exiting. request_count: 1, registry count: 1. 
2025-08-19 13:53:41,933 5365 INFO ? odoo.service.server: Worker (5365) exiting. request_count: 1, registry count: 1. 
2025-08-19 13:53:47,051 5501 INFO ? odoo: Odoo version 18.0 
2025-08-19 13:53:47,052 5501 INFO ? odoo: Using configuration file at /home/mikita/project/odoo/odoo/odoo.conf 
2025-08-19 13:53:47,052 5501 INFO ? odoo: addons paths: ['/home/mikita/project/odoo/odoo/odoo/addons', '/home/mikita/project/odoo/odoo/.odoo_data/addons/18.0', '/home/mikita/project/odoo/addons', '/home/mikita/project/odoo/odoo/addons', '/home/mikita/project/odoo/odoo/custom_addons'] 
2025-08-19 13:53:47,052 5501 INFO ? odoo: database: odoo@localhost:5432 
2025-08-19 13:53:47,112 5501 INFO ? odoo.addons.base.models.ir_actions_report: You need Wkhtmltopdf to print a pdf version of the reports. 
2025-08-19 13:53:47,112 5501 INFO ? odoo.addons.base.models.ir_actions_report: You need Wkhtmltoimage to generate images from html. 
2025-08-19 13:53:47,212 5501 INFO ? odoo.service.server: HTTP service (werkzeug) running on 0.0.0.0:8069 
2025-08-19 13:53:47,215 5531 INFO ? odoo.service.server: Worker WorkerHTTP (5531) alive 
2025-08-19 13:53:47,217 5532 INFO ? odoo.service.server: Worker WorkerHTTP (5532) alive 
2025-08-19 13:53:47,218 5534 INFO ? odoo.service.server: Worker WorkerHTTP (5534) alive 
2025-08-19 13:53:47,219 5536 INFO ? odoo.service.server: Worker WorkerHTTP (5536) alive 
2025-08-19 13:53:47,221 5540 INFO ? odoo.service.server: Worker WorkerCron (5540) alive 
2025-08-19 13:53:47,223 5541 INFO ? odoo.service.server: Worker WorkerCron (5541) alive 
2025-08-19 13:53:47,690 5537 INFO ? odoo: Odoo version 18.0 
2025-08-19 13:53:47,690 5537 INFO ? odoo: Using configuration file at /home/mikita/project/odoo/odoo/odoo.conf 
2025-08-19 13:53:47,690 5537 INFO ? odoo: addons paths: ['/home/mikita/project/odoo/odoo/odoo/addons', '/home/mikita/project/odoo/odoo/.odoo_data/addons/18.0', '/home/mikita/project/odoo/addons', '/home/mikita/project/odoo/odoo/addons', '/home/mikita/project/odoo/odoo/custom_addons'] 
2025-08-19 13:53:47,690 5537 INFO ? odoo: database: odoo@localhost:5432 
2025-08-19 13:53:47,749 5537 INFO ? odoo.addons.base.models.ir_actions_report: You need Wkhtmltopdf to print a pdf version of the reports. 
2025-08-19 13:53:47,749 5537 INFO ? odoo.addons.base.models.ir_actions_report: You need Wkhtmltoimage to generate images from html. 
2025-08-19 13:53:47,846 5537 INFO ? odoo.service.server: Evented Service (longpolling) running on 0.0.0.0:8072 
2025-08-19 13:54:02,453 5501 INFO ? odoo.service.server: Stopping gracefully 
2025-08-19 13:54:02,454 5532 INFO ? odoo.service.server: Worker (5532) exiting. request_count: 0, registry count: 0. 
2025-08-19 13:54:02,454 5531 INFO ? odoo.service.server: Worker (5531) exiting. request_count: 0, registry count: 0. 
2025-08-19 13:54:02,454 5536 INFO ? odoo.service.server: Worker (5536) exiting. request_count: 0, registry count: 0. 
2025-08-19 13:54:02,454 5534 INFO ? odoo.service.server: Worker (5534) exiting. request_count: 0, registry count: 0. 
2025-08-19 13:54:02,463 5541 INFO ? odoo.service.server: Worker (5541) exiting. request_count: 0, registry count: 0. 
2025-08-19 13:54:02,553 5540 INFO ? odoo.service.server: Worker (5540) exiting. request_count: 0, registry count: 0. 
2025-08-19 13:54:04,267 5659 INFO ? odoo: Odoo version 18.0 
2025-08-19 13:54:04,267 5659 INFO ? odoo: Using configuration file at /home/mikita/project/odoo/odoo/odoo.conf 
2025-08-19 13:54:04,267 5659 INFO ? odoo: addons paths: ['/home/mikita/project/odoo/odoo/odoo/addons', '/home/mikita/project/odoo/odoo/.odoo_data/addons/18.0', '/home/mikita/project/odoo/addons', '/home/mikita/project/odoo/odoo/addons', '/home/mikita/project/odoo/odoo/custom_addons'] 
2025-08-19 13:54:04,268 5659 INFO ? odoo: database: odoo@localhost:5432 
2025-08-19 13:54:04,332 5659 INFO ? odoo.addons.base.models.ir_actions_report: You need Wkhtmltopdf to print a pdf version of the reports. 
2025-08-19 13:54:04,332 5659 INFO ? odoo.addons.base.models.ir_actions_report: You need Wkhtmltoimage to generate images from html. 
2025-08-19 13:54:04,427 5659 INFO ? odoo.service.server: HTTP service (werkzeug) running on 0.0.0.0:8069 
2025-08-19 13:54:04,430 5660 INFO ? odoo.service.server: Worker WorkerHTTP (5660) alive 
2025-08-19 13:54:04,431 5661 INFO ? odoo.service.server: Worker WorkerHTTP (5661) alive 
2025-08-19 13:54:04,432 5663 INFO ? odoo.service.server: Worker WorkerHTTP (5663) alive 
2025-08-19 13:54:04,433 5664 INFO ? odoo.service.server: Worker WorkerHTTP (5664) alive 
2025-08-19 13:54:04,435 5669 INFO ? odoo.service.server: Worker WorkerCron (5669) alive 
2025-08-19 13:54:04,437 5670 INFO ? odoo.service.server: Worker WorkerCron (5670) alive 
2025-08-19 13:54:04,913 5666 INFO ? odoo: Odoo version 18.0 
2025-08-19 13:54:04,913 5666 INFO ? odoo: Using configuration file at /home/mikita/project/odoo/odoo/odoo.conf 
2025-08-19 13:54:04,913 5666 INFO ? odoo: addons paths: ['/home/mikita/project/odoo/odoo/odoo/addons', '/home/mikita/project/odoo/odoo/.odoo_data/addons/18.0', '/home/mikita/project/odoo/addons', '/home/mikita/project/odoo/odoo/addons', '/home/mikita/project/odoo/odoo/custom_addons'] 
2025-08-19 13:54:04,913 5666 INFO ? odoo: database: odoo@localhost:5432 
2025-08-19 13:54:04,974 5666 INFO ? odoo.addons.base.models.ir_actions_report: You need Wkhtmltopdf to print a pdf version of the reports. 
2025-08-19 13:54:04,974 5666 INFO ? odoo.addons.base.models.ir_actions_report: You need Wkhtmltoimage to generate images from html. 
2025-08-19 13:54:05,075 5666 INFO ? odoo.service.server: Evented Service (longpolling) running on 0.0.0.0:8072 
2025-08-19 13:54:06,482 5664 INFO ? odoo.modules.loading: loading 1 modules... 
2025-08-19 13:54:06,488 5664 INFO ? odoo.modules.loading: 1 modules loaded in 0.01s, 0 queries (+0 extra) 
2025-08-19 13:54:06,490 5664 WARNING ? odoo.modules.module: Missing `license` key in manifest for 'library_management', defaulting to LGPL-3 
2025-08-19 13:54:06,493 5664 INFO ? odoo.modules.loading: loading 13 modules... 
2025-08-19 13:54:06,583 5660 ERROR ? odoo.http: Exception during request handling. 
Traceback (most recent call last):
  File "/home/mikita/project/odoo/odoo/odoo/http.py", line 2549, in __call__
    if self.get_static_file(httprequest.path):
       ^^^^^^^^^^^^^^^^^^^^^^^^^^^^^^^^^^^^^^
  File "/home/mikita/project/odoo/odoo/odoo/http.py", line 2448, in get_static_file
    if (module not in self.statics or static != 'static' or not resource):
                      ^^^^^^^^^^^^
  File "/home/mikita/project/odoo/odoo/odoo/tools/func.py", line 42, in __get__
    value = self.fget(obj)
            ^^^^^^^^^^^^^^
  File "/home/mikita/project/odoo/odoo/odoo/http.py", line 2417, in statics
    for module in os.listdir(addons_path):
                  ^^^^^^^^^^^^^^^^^^^^^^^
FileNotFoundError: [Errno 2] Нет такого файла или каталога: '/home/mikita/project/odoo/addons'
2025-08-19 13:54:06,605 5660 INFO ? werkzeug: 127.0.0.1 - - [19/Aug/2025 13:54:06] "POST /web/action/load_breadcrumbs HTTP/1.1" 500 - 1 0.001 0.255
2025-08-19 13:54:06,647 5664 INFO ? odoo.modules.loading: 13 modules loaded in 0.15s, 0 queries (+0 extra) 
2025-08-19 13:54:06,669 5664 INFO ? odoo.modules.loading: Modules loaded. 
2025-08-19 13:54:06,670 5664 INFO ? odoo.modules.registry: Registry loaded in 0.202s 
2025-08-19 13:54:06,671 5664 INFO odoo_db_clean odoo.addons.base.models.ir_http: Generating routing map for key None 
2025-08-19 13:54:06,807 5664 WARNING odoo_db_clean odoo.modules.module: Missing `license` key in manifest for 'library_management', defaulting to LGPL-3 
2025-08-19 13:54:06,917 5664 INFO odoo_db_clean odoo.addons.base.models.assetsbundle: Generating a new asset bundle attachment /web/assets/f6dd004/bus.websocket_worker_assets.min.js (id:194) 
2025-08-19 13:54:06,940 5664 INFO odoo_db_clean werkzeug: 127.0.0.1 - - [19/Aug/2025 13:54:06] "GET /bus/websocket_worker_bundle?v=18.0-5 HTTP/1.1" 200 - 34 0.191 0.295
2025-08-19 13:54:06,987 5663 INFO ? odoo.modules.loading: loading 1 modules... 
2025-08-19 13:54:06,994 5663 INFO ? odoo.modules.loading: 1 modules loaded in 0.01s, 0 queries (+0 extra) 
2025-08-19 13:54:06,994 5660 INFO ? odoo.modules.loading: loading 1 modules... 
2025-08-19 13:54:06,996 5663 WARNING ? odoo.modules.module: Missing `license` key in manifest for 'library_management', defaulting to LGPL-3 
2025-08-19 13:54:06,999 5663 INFO ? odoo.modules.loading: loading 13 modules... 
2025-08-19 13:54:07,000 5660 INFO ? odoo.modules.loading: 1 modules loaded in 0.01s, 0 queries (+0 extra) 
2025-08-19 13:54:07,003 5660 WARNING ? odoo.modules.module: Missing `license` key in manifest for 'library_management', defaulting to LGPL-3 
2025-08-19 13:54:07,005 5660 INFO ? odoo.modules.loading: loading 13 modules... 
2025-08-19 13:54:07,158 5660 INFO ? odoo.modules.loading: 13 modules loaded in 0.15s, 0 queries (+0 extra) 
2025-08-19 13:54:07,160 5663 INFO ? odoo.modules.loading: 13 modules loaded in 0.16s, 0 queries (+0 extra) 
2025-08-19 13:54:07,180 5660 INFO ? odoo.modules.loading: Modules loaded. 
2025-08-19 13:54:07,181 5663 INFO ? odoo.modules.loading: Modules loaded. 
2025-08-19 13:54:07,182 5660 INFO ? odoo.modules.registry: Registry loaded in 0.200s 
2025-08-19 13:54:07,182 5663 INFO ? odoo.modules.registry: Registry loaded in 0.208s 
2025-08-19 13:54:07,182 5660 INFO odoo_db_clean odoo.addons.base.models.ir_http: Generating routing map for key None 
2025-08-19 13:54:07,183 5663 INFO odoo_db_clean odoo.addons.base.models.ir_http: Generating routing map for key None 
2025-08-19 13:54:07,214 5663 INFO odoo_db_clean werkzeug: 127.0.0.1 - - [19/Aug/2025 13:54:07] "GET /web/service-worker.js HTTP/1.1" 200 - 24 0.008 0.246
2025-08-19 13:54:07,195 5660 ERROR odoo_db_clean odoo.http: Exception during request handling. 
Traceback (most recent call last):
  File "/home/mikita/project/odoo/odoo/addons/bus/websocket.py", line 914, in open_connection
    socket = request.httprequest._HTTPRequest__environ['socket']
             ~~~~~~~~~~~~~~~~~~~~~~~~~~~~~~~~~~~~~~~~~^^^^^^^^^^
KeyError: 'socket'

The above exception was the direct cause of the following exception:

Traceback (most recent call last):
  File "/home/mikita/project/odoo/odoo/odoo/http.py", line 2554, in __call__
    response = request._serve_db()
               ^^^^^^^^^^^^^^^^^^^
  File "/home/mikita/project/odoo/odoo/odoo/http.py", line 2081, in _serve_db
    return self._transactioning(
           ^^^^^^^^^^^^^^^^^^^^^
  File "/home/mikita/project/odoo/odoo/odoo/http.py", line 2144, in _transactioning
    return service_model.retrying(func, env=self.env)
           ^^^^^^^^^^^^^^^^^^^^^^^^^^^^^^^^^^^^^^^^^^
  File "/home/mikita/project/odoo/odoo/odoo/service/model.py", line 156, in retrying
    result = func()
             ^^^^^^
  File "/home/mikita/project/odoo/odoo/odoo/http.py", line 2111, in _serve_ir_http
    response = self.dispatcher.dispatch(rule.endpoint, args)
               ^^^^^^^^^^^^^^^^^^^^^^^^^^^^^^^^^^^^^^^^^^^^^
  File "/home/mikita/project/odoo/odoo/odoo/http.py", line 2272, in dispatch
    return self.request.registry['ir.http']._dispatch(endpoint)
           ^^^^^^^^^^^^^^^^^^^^^^^^^^^^^^^^^^^^^^^^^^^^^^^^^^^^
  File "/home/mikita/project/odoo/odoo/odoo/addons/base/models/ir_http.py", line 333, in _dispatch
    result = endpoint(**request.params)
             ^^^^^^^^^^^^^^^^^^^^^^^^^^
  File "/home/mikita/project/odoo/odoo/odoo/http.py", line 754, in route_wrapper
    result = endpoint(self, *args, **params_ok)
             ^^^^^^^^^^^^^^^^^^^^^^^^^^^^^^^^^^
  File "/home/mikita/project/odoo/odoo/addons/bus/controllers/websocket.py", line 20, in websocket
    return WebsocketConnectionHandler.open_connection(request, version)
           ^^^^^^^^^^^^^^^^^^^^^^^^^^^^^^^^^^^^^^^^^^^^^^^^^^^^^^^^^^^^
  File "/home/mikita/project/odoo/odoo/addons/bus/websocket.py", line 927, in open_connection
    raise RuntimeError(
RuntimeError: Couldn't bind the websocket. Is the connection opened on the evented port (8072)?
2025-08-19 13:54:07,223 5660 INFO odoo_db_clean werkzeug: 127.0.0.1 - - [19/Aug/2025 13:54:07] "GET /websocket?version=18.0-5 HTTP/1.1" 500 - 24 0.009 0.244
2025-08-19 13:54:08,648 5660 ERROR ? odoo.http: Exception during request handling. 
Traceback (most recent call last):
  File "/home/mikita/project/odoo/odoo/odoo/http.py", line 2549, in __call__
    if self.get_static_file(httprequest.path):
       ^^^^^^^^^^^^^^^^^^^^^^^^^^^^^^^^^^^^^^
  File "/home/mikita/project/odoo/odoo/odoo/http.py", line 2448, in get_static_file
    if (module not in self.statics or static != 'static' or not resource):
                      ^^^^^^^^^^^^
  File "/home/mikita/project/odoo/odoo/odoo/tools/func.py", line 42, in __get__
    value = self.fget(obj)
            ^^^^^^^^^^^^^^
  File "/home/mikita/project/odoo/odoo/odoo/http.py", line 2417, in statics
    for module in os.listdir(addons_path):
                  ^^^^^^^^^^^^^^^^^^^^^^^
FileNotFoundError: [Errno 2] Нет такого файла или каталога: '/home/mikita/project/odoo/addons'
2025-08-19 13:54:08,648 5660 INFO ? werkzeug: 127.0.0.1 - - [19/Aug/2025 13:54:08] "POST /web/webclient/version_info HTTP/1.1" 500 - 1 0.001 0.021
2025-08-19 13:54:09,248 5661 ERROR ? odoo.http: Exception during request handling. 
Traceback (most recent call last):
  File "/home/mikita/project/odoo/odoo/odoo/http.py", line 2549, in __call__
    if self.get_static_file(httprequest.path):
       ^^^^^^^^^^^^^^^^^^^^^^^^^^^^^^^^^^^^^^
  File "/home/mikita/project/odoo/odoo/odoo/http.py", line 2448, in get_static_file
    if (module not in self.statics or static != 'static' or not resource):
                      ^^^^^^^^^^^^
  File "/home/mikita/project/odoo/odoo/odoo/tools/func.py", line 42, in __get__
    value = self.fget(obj)
            ^^^^^^^^^^^^^^
  File "/home/mikita/project/odoo/odoo/odoo/http.py", line 2417, in statics
    for module in os.listdir(addons_path):
                  ^^^^^^^^^^^^^^^^^^^^^^^
FileNotFoundError: [Errno 2] Нет такого файла или каталога: '/home/mikita/project/odoo/addons'
2025-08-19 13:54:09,249 5661 INFO ? werkzeug: 127.0.0.1 - - [19/Aug/2025 13:54:09] "POST /web/action/load HTTP/1.1" 500 - 1 0.001 0.027
2025-08-19 13:54:09,491 5663 ERROR odoo_db_clean odoo.http: Exception during request handling. 
Traceback (most recent call last):
  File "/home/mikita/project/odoo/odoo/addons/bus/websocket.py", line 914, in open_connection
    socket = request.httprequest._HTTPRequest__environ['socket']
             ~~~~~~~~~~~~~~~~~~~~~~~~~~~~~~~~~~~~~~~~~^^^^^^^^^^
KeyError: 'socket'

The above exception was the direct cause of the following exception:

Traceback (most recent call last):
  File "/home/mikita/project/odoo/odoo/odoo/http.py", line 2554, in __call__
    response = request._serve_db()
               ^^^^^^^^^^^^^^^^^^^
  File "/home/mikita/project/odoo/odoo/odoo/http.py", line 2081, in _serve_db
    return self._transactioning(
           ^^^^^^^^^^^^^^^^^^^^^
  File "/home/mikita/project/odoo/odoo/odoo/http.py", line 2144, in _transactioning
    return service_model.retrying(func, env=self.env)
           ^^^^^^^^^^^^^^^^^^^^^^^^^^^^^^^^^^^^^^^^^^
  File "/home/mikita/project/odoo/odoo/odoo/service/model.py", line 156, in retrying
    result = func()
             ^^^^^^
  File "/home/mikita/project/odoo/odoo/odoo/http.py", line 2111, in _serve_ir_http
    response = self.dispatcher.dispatch(rule.endpoint, args)
               ^^^^^^^^^^^^^^^^^^^^^^^^^^^^^^^^^^^^^^^^^^^^^
  File "/home/mikita/project/odoo/odoo/odoo/http.py", line 2272, in dispatch
    return self.request.registry['ir.http']._dispatch(endpoint)
           ^^^^^^^^^^^^^^^^^^^^^^^^^^^^^^^^^^^^^^^^^^^^^^^^^^^^
  File "/home/mikita/project/odoo/odoo/odoo/addons/base/models/ir_http.py", line 333, in _dispatch
    result = endpoint(**request.params)
             ^^^^^^^^^^^^^^^^^^^^^^^^^^
  File "/home/mikita/project/odoo/odoo/odoo/http.py", line 754, in route_wrapper
    result = endpoint(self, *args, **params_ok)
             ^^^^^^^^^^^^^^^^^^^^^^^^^^^^^^^^^^
  File "/home/mikita/project/odoo/odoo/addons/bus/controllers/websocket.py", line 20, in websocket
    return WebsocketConnectionHandler.open_connection(request, version)
           ^^^^^^^^^^^^^^^^^^^^^^^^^^^^^^^^^^^^^^^^^^^^^^^^^^^^^^^^^^^^
  File "/home/mikita/project/odoo/odoo/addons/bus/websocket.py", line 927, in open_connection
    raise RuntimeError(
RuntimeError: Couldn't bind the websocket. Is the connection opened on the evented port (8072)?
2025-08-19 13:54:09,493 5663 INFO odoo_db_clean werkzeug: 127.0.0.1 - - [19/Aug/2025 13:54:09] "GET /websocket?version=18.0-5 HTTP/1.1" 500 - 6 0.002 0.023
2025-08-19 13:54:11,485 5664 ERROR odoo_db_clean odoo.http: Exception during request handling. 
Traceback (most recent call last):
  File "/home/mikita/project/odoo/odoo/addons/bus/websocket.py", line 914, in open_connection
    socket = request.httprequest._HTTPRequest__environ['socket']
             ~~~~~~~~~~~~~~~~~~~~~~~~~~~~~~~~~~~~~~~~~^^^^^^^^^^
KeyError: 'socket'

The above exception was the direct cause of the following exception:

Traceback (most recent call last):
  File "/home/mikita/project/odoo/odoo/odoo/http.py", line 2554, in __call__
    response = request._serve_db()
               ^^^^^^^^^^^^^^^^^^^
  File "/home/mikita/project/odoo/odoo/odoo/http.py", line 2081, in _serve_db
    return self._transactioning(
           ^^^^^^^^^^^^^^^^^^^^^
  File "/home/mikita/project/odoo/odoo/odoo/http.py", line 2144, in _transactioning
    return service_model.retrying(func, env=self.env)
           ^^^^^^^^^^^^^^^^^^^^^^^^^^^^^^^^^^^^^^^^^^
  File "/home/mikita/project/odoo/odoo/odoo/service/model.py", line 156, in retrying
    result = func()
             ^^^^^^
  File "/home/mikita/project/odoo/odoo/odoo/http.py", line 2111, in _serve_ir_http
    response = self.dispatcher.dispatch(rule.endpoint, args)
               ^^^^^^^^^^^^^^^^^^^^^^^^^^^^^^^^^^^^^^^^^^^^^
  File "/home/mikita/project/odoo/odoo/odoo/http.py", line 2272, in dispatch
    return self.request.registry['ir.http']._dispatch(endpoint)
           ^^^^^^^^^^^^^^^^^^^^^^^^^^^^^^^^^^^^^^^^^^^^^^^^^^^^
  File "/home/mikita/project/odoo/odoo/odoo/addons/base/models/ir_http.py", line 333, in _dispatch
    result = endpoint(**request.params)
             ^^^^^^^^^^^^^^^^^^^^^^^^^^
  File "/home/mikita/project/odoo/odoo/odoo/http.py", line 754, in route_wrapper
    result = endpoint(self, *args, **params_ok)
             ^^^^^^^^^^^^^^^^^^^^^^^^^^^^^^^^^^
  File "/home/mikita/project/odoo/odoo/addons/bus/controllers/websocket.py", line 20, in websocket
    return WebsocketConnectionHandler.open_connection(request, version)
           ^^^^^^^^^^^^^^^^^^^^^^^^^^^^^^^^^^^^^^^^^^^^^^^^^^^^^^^^^^^^
  File "/home/mikita/project/odoo/odoo/addons/bus/websocket.py", line 927, in open_connection
    raise RuntimeError(
RuntimeError: Couldn't bind the websocket. Is the connection opened on the evented port (8072)?
2025-08-19 13:54:11,488 5664 INFO odoo_db_clean werkzeug: 127.0.0.1 - - [19/Aug/2025 13:54:11] "GET /websocket?version=18.0-5 HTTP/1.1" 500 - 6 0.005 0.055
2025-08-19 13:54:11,970 5664 ERROR ? odoo.http: Exception during request handling. 
Traceback (most recent call last):
  File "/home/mikita/project/odoo/odoo/odoo/http.py", line 2549, in __call__
    if self.get_static_file(httprequest.path):
       ^^^^^^^^^^^^^^^^^^^^^^^^^^^^^^^^^^^^^^
  File "/home/mikita/project/odoo/odoo/odoo/http.py", line 2448, in get_static_file
    if (module not in self.statics or static != 'static' or not resource):
                      ^^^^^^^^^^^^
  File "/home/mikita/project/odoo/odoo/odoo/tools/func.py", line 42, in __get__
    value = self.fget(obj)
            ^^^^^^^^^^^^^^
  File "/home/mikita/project/odoo/odoo/odoo/http.py", line 2417, in statics
    for module in os.listdir(addons_path):
                  ^^^^^^^^^^^^^^^^^^^^^^^
FileNotFoundError: [Errno 2] Нет такого файла или каталога: '/home/mikita/project/odoo/addons'
2025-08-19 13:54:11,971 5664 INFO ? werkzeug: 127.0.0.1 - - [19/Aug/2025 13:54:11] "POST /web/webclient/version_info HTTP/1.1" 500 - 1 0.002 0.061
2025-08-19 13:54:16,125 5664 ERROR odoo_db_clean odoo.http: Exception during request handling. 
Traceback (most recent call last):
  File "/home/mikita/project/odoo/odoo/addons/bus/websocket.py", line 914, in open_connection
    socket = request.httprequest._HTTPRequest__environ['socket']
             ~~~~~~~~~~~~~~~~~~~~~~~~~~~~~~~~~~~~~~~~~^^^^^^^^^^
KeyError: 'socket'

The above exception was the direct cause of the following exception:

Traceback (most recent call last):
  File "/home/mikita/project/odoo/odoo/odoo/http.py", line 2554, in __call__
    response = request._serve_db()
               ^^^^^^^^^^^^^^^^^^^
  File "/home/mikita/project/odoo/odoo/odoo/http.py", line 2081, in _serve_db
    return self._transactioning(
           ^^^^^^^^^^^^^^^^^^^^^
  File "/home/mikita/project/odoo/odoo/odoo/http.py", line 2144, in _transactioning
    return service_model.retrying(func, env=self.env)
           ^^^^^^^^^^^^^^^^^^^^^^^^^^^^^^^^^^^^^^^^^^
  File "/home/mikita/project/odoo/odoo/odoo/service/model.py", line 156, in retrying
    result = func()
             ^^^^^^
  File "/home/mikita/project/odoo/odoo/odoo/http.py", line 2111, in _serve_ir_http
    response = self.dispatcher.dispatch(rule.endpoint, args)
               ^^^^^^^^^^^^^^^^^^^^^^^^^^^^^^^^^^^^^^^^^^^^^
  File "/home/mikita/project/odoo/odoo/odoo/http.py", line 2272, in dispatch
    return self.request.registry['ir.http']._dispatch(endpoint)
           ^^^^^^^^^^^^^^^^^^^^^^^^^^^^^^^^^^^^^^^^^^^^^^^^^^^^
  File "/home/mikita/project/odoo/odoo/odoo/addons/base/models/ir_http.py", line 333, in _dispatch
    result = endpoint(**request.params)
             ^^^^^^^^^^^^^^^^^^^^^^^^^^
  File "/home/mikita/project/odoo/odoo/odoo/http.py", line 754, in route_wrapper
    result = endpoint(self, *args, **params_ok)
             ^^^^^^^^^^^^^^^^^^^^^^^^^^^^^^^^^^
  File "/home/mikita/project/odoo/odoo/addons/bus/controllers/websocket.py", line 20, in websocket
    return WebsocketConnectionHandler.open_connection(request, version)
           ^^^^^^^^^^^^^^^^^^^^^^^^^^^^^^^^^^^^^^^^^^^^^^^^^^^^^^^^^^^^
  File "/home/mikita/project/odoo/odoo/addons/bus/websocket.py", line 927, in open_connection
    raise RuntimeError(
RuntimeError: Couldn't bind the websocket. Is the connection opened on the evented port (8072)?
2025-08-19 13:54:16,126 5664 INFO odoo_db_clean werkzeug: 127.0.0.1 - - [19/Aug/2025 13:54:16] "GET /websocket?version=18.0-5 HTTP/1.1" 500 - 6 0.002 0.013
2025-08-19 13:54:17,021 5660 ERROR ? odoo.http: Exception during request handling. 
Traceback (most recent call last):
  File "/home/mikita/project/odoo/odoo/odoo/http.py", line 2549, in __call__
    if self.get_static_file(httprequest.path):
       ^^^^^^^^^^^^^^^^^^^^^^^^^^^^^^^^^^^^^^
  File "/home/mikita/project/odoo/odoo/odoo/http.py", line 2448, in get_static_file
    if (module not in self.statics or static != 'static' or not resource):
                      ^^^^^^^^^^^^
  File "/home/mikita/project/odoo/odoo/odoo/tools/func.py", line 42, in __get__
    value = self.fget(obj)
            ^^^^^^^^^^^^^^
  File "/home/mikita/project/odoo/odoo/odoo/http.py", line 2417, in statics
    for module in os.listdir(addons_path):
                  ^^^^^^^^^^^^^^^^^^^^^^^
FileNotFoundError: [Errno 2] Нет такого файла или каталога: '/home/mikita/project/odoo/addons'
2025-08-19 13:54:17,022 5660 INFO ? werkzeug: 127.0.0.1 - - [19/Aug/2025 13:54:17] "POST /web/webclient/version_info HTTP/1.1" 500 - 1 0.001 0.011
2025-08-19 13:54:21,704 5661 INFO ? odoo.modules.loading: loading 1 modules... 
2025-08-19 13:54:21,710 5661 INFO ? odoo.modules.loading: 1 modules loaded in 0.01s, 0 queries (+0 extra) 
2025-08-19 13:54:21,713 5661 WARNING ? odoo.modules.module: Missing `license` key in manifest for 'library_management', defaulting to LGPL-3 
2025-08-19 13:54:21,715 5661 INFO ? odoo.modules.loading: loading 13 modules... 
2025-08-19 13:54:21,864 5661 INFO ? odoo.modules.loading: 13 modules loaded in 0.15s, 0 queries (+0 extra) 
2025-08-19 13:54:21,886 5661 INFO ? odoo.modules.loading: Modules loaded. 
2025-08-19 13:54:21,887 5661 INFO ? odoo.modules.registry: Registry loaded in 0.196s 
2025-08-19 13:54:21,888 5661 INFO odoo_db_clean odoo.addons.base.models.ir_http: Generating routing map for key None 
2025-08-19 13:54:21,901 5661 ERROR odoo_db_clean odoo.http: Exception during request handling. 
Traceback (most recent call last):
  File "/home/mikita/project/odoo/odoo/addons/bus/websocket.py", line 914, in open_connection
    socket = request.httprequest._HTTPRequest__environ['socket']
             ~~~~~~~~~~~~~~~~~~~~~~~~~~~~~~~~~~~~~~~~~^^^^^^^^^^
KeyError: 'socket'

The above exception was the direct cause of the following exception:

Traceback (most recent call last):
  File "/home/mikita/project/odoo/odoo/odoo/http.py", line 2554, in __call__
    response = request._serve_db()
               ^^^^^^^^^^^^^^^^^^^
  File "/home/mikita/project/odoo/odoo/odoo/http.py", line 2081, in _serve_db
    return self._transactioning(
           ^^^^^^^^^^^^^^^^^^^^^
  File "/home/mikita/project/odoo/odoo/odoo/http.py", line 2144, in _transactioning
    return service_model.retrying(func, env=self.env)
           ^^^^^^^^^^^^^^^^^^^^^^^^^^^^^^^^^^^^^^^^^^
  File "/home/mikita/project/odoo/odoo/odoo/service/model.py", line 156, in retrying
    result = func()
             ^^^^^^
  File "/home/mikita/project/odoo/odoo/odoo/http.py", line 2111, in _serve_ir_http
    response = self.dispatcher.dispatch(rule.endpoint, args)
               ^^^^^^^^^^^^^^^^^^^^^^^^^^^^^^^^^^^^^^^^^^^^^
  File "/home/mikita/project/odoo/odoo/odoo/http.py", line 2272, in dispatch
    return self.request.registry['ir.http']._dispatch(endpoint)
           ^^^^^^^^^^^^^^^^^^^^^^^^^^^^^^^^^^^^^^^^^^^^^^^^^^^^
  File "/home/mikita/project/odoo/odoo/odoo/addons/base/models/ir_http.py", line 333, in _dispatch
    result = endpoint(**request.params)
             ^^^^^^^^^^^^^^^^^^^^^^^^^^
  File "/home/mikita/project/odoo/odoo/odoo/http.py", line 754, in route_wrapper
    result = endpoint(self, *args, **params_ok)
             ^^^^^^^^^^^^^^^^^^^^^^^^^^^^^^^^^^
  File "/home/mikita/project/odoo/odoo/addons/bus/controllers/websocket.py", line 20, in websocket
    return WebsocketConnectionHandler.open_connection(request, version)
           ^^^^^^^^^^^^^^^^^^^^^^^^^^^^^^^^^^^^^^^^^^^^^^^^^^^^^^^^^^^^
  File "/home/mikita/project/odoo/odoo/addons/bus/websocket.py", line 927, in open_connection
    raise RuntimeError(
RuntimeError: Couldn't bind the websocket. Is the connection opened on the evented port (8072)?
2025-08-19 13:54:21,902 5661 INFO odoo_db_clean werkzeug: 127.0.0.1 - - [19/Aug/2025 13:54:21] "GET /websocket?version=18.0-5 HTTP/1.1" 500 - 24 0.009 0.213
2025-08-19 13:54:25,006 5660 ERROR ? odoo.http: Exception during request handling. 
Traceback (most recent call last):
  File "/home/mikita/project/odoo/odoo/odoo/http.py", line 2549, in __call__
    if self.get_static_file(httprequest.path):
       ^^^^^^^^^^^^^^^^^^^^^^^^^^^^^^^^^^^^^^
  File "/home/mikita/project/odoo/odoo/odoo/http.py", line 2448, in get_static_file
    if (module not in self.statics or static != 'static' or not resource):
                      ^^^^^^^^^^^^
  File "/home/mikita/project/odoo/odoo/odoo/tools/func.py", line 42, in __get__
    value = self.fget(obj)
            ^^^^^^^^^^^^^^
  File "/home/mikita/project/odoo/odoo/odoo/http.py", line 2417, in statics
    for module in os.listdir(addons_path):
                  ^^^^^^^^^^^^^^^^^^^^^^^
FileNotFoundError: [Errno 2] Нет такого файла или каталога: '/home/mikita/project/odoo/addons'
2025-08-19 13:54:25,006 5660 INFO ? werkzeug: 127.0.0.1 - - [19/Aug/2025 13:54:25] "POST /web/webclient/version_info HTTP/1.1" 500 - 1 0.001 0.018
2025-08-19 13:54:31,570 5660 ERROR odoo_db_clean odoo.http: Exception during request handling. 
Traceback (most recent call last):
  File "/home/mikita/project/odoo/odoo/addons/bus/websocket.py", line 914, in open_connection
    socket = request.httprequest._HTTPRequest__environ['socket']
             ~~~~~~~~~~~~~~~~~~~~~~~~~~~~~~~~~~~~~~~~~^^^^^^^^^^
KeyError: 'socket'

The above exception was the direct cause of the following exception:

Traceback (most recent call last):
  File "/home/mikita/project/odoo/odoo/odoo/http.py", line 2554, in __call__
    response = request._serve_db()
               ^^^^^^^^^^^^^^^^^^^
  File "/home/mikita/project/odoo/odoo/odoo/http.py", line 2081, in _serve_db
    return self._transactioning(
           ^^^^^^^^^^^^^^^^^^^^^
  File "/home/mikita/project/odoo/odoo/odoo/http.py", line 2144, in _transactioning
    return service_model.retrying(func, env=self.env)
           ^^^^^^^^^^^^^^^^^^^^^^^^^^^^^^^^^^^^^^^^^^
  File "/home/mikita/project/odoo/odoo/odoo/service/model.py", line 156, in retrying
    result = func()
             ^^^^^^
  File "/home/mikita/project/odoo/odoo/odoo/http.py", line 2111, in _serve_ir_http
    response = self.dispatcher.dispatch(rule.endpoint, args)
               ^^^^^^^^^^^^^^^^^^^^^^^^^^^^^^^^^^^^^^^^^^^^^
  File "/home/mikita/project/odoo/odoo/odoo/http.py", line 2272, in dispatch
    return self.request.registry['ir.http']._dispatch(endpoint)
           ^^^^^^^^^^^^^^^^^^^^^^^^^^^^^^^^^^^^^^^^^^^^^^^^^^^^
  File "/home/mikita/project/odoo/odoo/odoo/addons/base/models/ir_http.py", line 333, in _dispatch
    result = endpoint(**request.params)
             ^^^^^^^^^^^^^^^^^^^^^^^^^^
  File "/home/mikita/project/odoo/odoo/odoo/http.py", line 754, in route_wrapper
    result = endpoint(self, *args, **params_ok)
             ^^^^^^^^^^^^^^^^^^^^^^^^^^^^^^^^^^
  File "/home/mikita/project/odoo/odoo/addons/bus/controllers/websocket.py", line 20, in websocket
    return WebsocketConnectionHandler.open_connection(request, version)
           ^^^^^^^^^^^^^^^^^^^^^^^^^^^^^^^^^^^^^^^^^^^^^^^^^^^^^^^^^^^^
  File "/home/mikita/project/odoo/odoo/addons/bus/websocket.py", line 927, in open_connection
    raise RuntimeError(
RuntimeError: Couldn't bind the websocket. Is the connection opened on the evented port (8072)?
2025-08-19 13:54:31,570 5660 INFO odoo_db_clean werkzeug: 127.0.0.1 - - [19/Aug/2025 13:54:31] "GET /websocket?version=18.0-5 HTTP/1.1" 500 - 6 0.002 0.022
2025-08-19 13:54:37,002 5660 ERROR ? odoo.http: Exception during request handling. 
Traceback (most recent call last):
  File "/home/mikita/project/odoo/odoo/odoo/http.py", line 2549, in __call__
    if self.get_static_file(httprequest.path):
       ^^^^^^^^^^^^^^^^^^^^^^^^^^^^^^^^^^^^^^
  File "/home/mikita/project/odoo/odoo/odoo/http.py", line 2448, in get_static_file
    if (module not in self.statics or static != 'static' or not resource):
                      ^^^^^^^^^^^^
  File "/home/mikita/project/odoo/odoo/odoo/tools/func.py", line 42, in __get__
    value = self.fget(obj)
            ^^^^^^^^^^^^^^
  File "/home/mikita/project/odoo/odoo/odoo/http.py", line 2417, in statics
    for module in os.listdir(addons_path):
                  ^^^^^^^^^^^^^^^^^^^^^^^
FileNotFoundError: [Errno 2] Нет такого файла или каталога: '/home/mikita/project/odoo/addons'
2025-08-19 13:54:37,003 5660 INFO ? werkzeug: 127.0.0.1 - - [19/Aug/2025 13:54:37] "POST /web/webclient/version_info HTTP/1.1" 500 - 1 0.001 0.021
2025-08-19 13:54:45,541 5660 ERROR odoo_db_clean odoo.http: Exception during request handling. 
Traceback (most recent call last):
  File "/home/mikita/project/odoo/odoo/addons/bus/websocket.py", line 914, in open_connection
    socket = request.httprequest._HTTPRequest__environ['socket']
             ~~~~~~~~~~~~~~~~~~~~~~~~~~~~~~~~~~~~~~~~~^^^^^^^^^^
KeyError: 'socket'

The above exception was the direct cause of the following exception:

Traceback (most recent call last):
  File "/home/mikita/project/odoo/odoo/odoo/http.py", line 2554, in __call__
    response = request._serve_db()
               ^^^^^^^^^^^^^^^^^^^
  File "/home/mikita/project/odoo/odoo/odoo/http.py", line 2081, in _serve_db
    return self._transactioning(
           ^^^^^^^^^^^^^^^^^^^^^
  File "/home/mikita/project/odoo/odoo/odoo/http.py", line 2144, in _transactioning
    return service_model.retrying(func, env=self.env)
           ^^^^^^^^^^^^^^^^^^^^^^^^^^^^^^^^^^^^^^^^^^
  File "/home/mikita/project/odoo/odoo/odoo/service/model.py", line 156, in retrying
    result = func()
             ^^^^^^
  File "/home/mikita/project/odoo/odoo/odoo/http.py", line 2111, in _serve_ir_http
    response = self.dispatcher.dispatch(rule.endpoint, args)
               ^^^^^^^^^^^^^^^^^^^^^^^^^^^^^^^^^^^^^^^^^^^^^
  File "/home/mikita/project/odoo/odoo/odoo/http.py", line 2272, in dispatch
    return self.request.registry['ir.http']._dispatch(endpoint)
           ^^^^^^^^^^^^^^^^^^^^^^^^^^^^^^^^^^^^^^^^^^^^^^^^^^^^
  File "/home/mikita/project/odoo/odoo/odoo/addons/base/models/ir_http.py", line 333, in _dispatch
    result = endpoint(**request.params)
             ^^^^^^^^^^^^^^^^^^^^^^^^^^
  File "/home/mikita/project/odoo/odoo/odoo/http.py", line 754, in route_wrapper
    result = endpoint(self, *args, **params_ok)
             ^^^^^^^^^^^^^^^^^^^^^^^^^^^^^^^^^^
  File "/home/mikita/project/odoo/odoo/addons/bus/controllers/websocket.py", line 20, in websocket
    return WebsocketConnectionHandler.open_connection(request, version)
           ^^^^^^^^^^^^^^^^^^^^^^^^^^^^^^^^^^^^^^^^^^^^^^^^^^^^^^^^^^^^
  File "/home/mikita/project/odoo/odoo/addons/bus/websocket.py", line 927, in open_connection
    raise RuntimeError(
RuntimeError: Couldn't bind the websocket. Is the connection opened on the evented port (8072)?
2025-08-19 13:54:45,541 5660 INFO odoo_db_clean werkzeug: 127.0.0.1 - - [19/Aug/2025 13:54:45] "GET /websocket?version=18.0-5 HTTP/1.1" 500 - 6 0.002 0.022
2025-08-19 13:54:54,983 5661 ERROR ? odoo.http: Exception during request handling. 
Traceback (most recent call last):
  File "/home/mikita/project/odoo/odoo/odoo/http.py", line 2549, in __call__
    if self.get_static_file(httprequest.path):
       ^^^^^^^^^^^^^^^^^^^^^^^^^^^^^^^^^^^^^^
  File "/home/mikita/project/odoo/odoo/odoo/http.py", line 2448, in get_static_file
    if (module not in self.statics or static != 'static' or not resource):
                      ^^^^^^^^^^^^
  File "/home/mikita/project/odoo/odoo/odoo/tools/func.py", line 42, in __get__
    value = self.fget(obj)
            ^^^^^^^^^^^^^^
  File "/home/mikita/project/odoo/odoo/odoo/http.py", line 2417, in statics
    for module in os.listdir(addons_path):
                  ^^^^^^^^^^^^^^^^^^^^^^^
FileNotFoundError: [Errno 2] Нет такого файла или каталога: '/home/mikita/project/odoo/addons'
2025-08-19 13:54:54,984 5661 INFO ? werkzeug: 127.0.0.1 - - [19/Aug/2025 13:54:54] "POST /web/webclient/version_info HTTP/1.1" 500 - 1 0.001 0.011
2025-08-19 13:55:07,599 5661 ERROR odoo_db_clean odoo.http: Exception during request handling. 
Traceback (most recent call last):
  File "/home/mikita/project/odoo/odoo/addons/bus/websocket.py", line 914, in open_connection
    socket = request.httprequest._HTTPRequest__environ['socket']
             ~~~~~~~~~~~~~~~~~~~~~~~~~~~~~~~~~~~~~~~~~^^^^^^^^^^
KeyError: 'socket'

The above exception was the direct cause of the following exception:

Traceback (most recent call last):
  File "/home/mikita/project/odoo/odoo/odoo/http.py", line 2554, in __call__
    response = request._serve_db()
               ^^^^^^^^^^^^^^^^^^^
  File "/home/mikita/project/odoo/odoo/odoo/http.py", line 2081, in _serve_db
    return self._transactioning(
           ^^^^^^^^^^^^^^^^^^^^^
  File "/home/mikita/project/odoo/odoo/odoo/http.py", line 2144, in _transactioning
    return service_model.retrying(func, env=self.env)
           ^^^^^^^^^^^^^^^^^^^^^^^^^^^^^^^^^^^^^^^^^^
  File "/home/mikita/project/odoo/odoo/odoo/service/model.py", line 156, in retrying
    result = func()
             ^^^^^^
  File "/home/mikita/project/odoo/odoo/odoo/http.py", line 2111, in _serve_ir_http
    response = self.dispatcher.dispatch(rule.endpoint, args)
               ^^^^^^^^^^^^^^^^^^^^^^^^^^^^^^^^^^^^^^^^^^^^^
  File "/home/mikita/project/odoo/odoo/odoo/http.py", line 2272, in dispatch
    return self.request.registry['ir.http']._dispatch(endpoint)
           ^^^^^^^^^^^^^^^^^^^^^^^^^^^^^^^^^^^^^^^^^^^^^^^^^^^^
  File "/home/mikita/project/odoo/odoo/odoo/addons/base/models/ir_http.py", line 333, in _dispatch
    result = endpoint(**request.params)
             ^^^^^^^^^^^^^^^^^^^^^^^^^^
  File "/home/mikita/project/odoo/odoo/odoo/http.py", line 754, in route_wrapper
    result = endpoint(self, *args, **params_ok)
             ^^^^^^^^^^^^^^^^^^^^^^^^^^^^^^^^^^
  File "/home/mikita/project/odoo/odoo/addons/bus/controllers/websocket.py", line 20, in websocket
    return WebsocketConnectionHandler.open_connection(request, version)
           ^^^^^^^^^^^^^^^^^^^^^^^^^^^^^^^^^^^^^^^^^^^^^^^^^^^^^^^^^^^^
  File "/home/mikita/project/odoo/odoo/addons/bus/websocket.py", line 927, in open_connection
    raise RuntimeError(
RuntimeError: Couldn't bind the websocket. Is the connection opened on the evented port (8072)?
2025-08-19 13:55:07,600 5661 INFO odoo_db_clean werkzeug: 127.0.0.1 - - [19/Aug/2025 13:55:07] "GET /websocket?version=18.0-5 HTTP/1.1" 500 - 6 0.002 0.012
2025-08-19 13:55:22,145 5664 ERROR ? odoo.http: Exception during request handling. 
Traceback (most recent call last):
  File "/home/mikita/project/odoo/odoo/odoo/http.py", line 2549, in __call__
    if self.get_static_file(httprequest.path):
       ^^^^^^^^^^^^^^^^^^^^^^^^^^^^^^^^^^^^^^
  File "/home/mikita/project/odoo/odoo/odoo/http.py", line 2448, in get_static_file
    if (module not in self.statics or static != 'static' or not resource):
                      ^^^^^^^^^^^^
  File "/home/mikita/project/odoo/odoo/odoo/tools/func.py", line 42, in __get__
    value = self.fget(obj)
            ^^^^^^^^^^^^^^
  File "/home/mikita/project/odoo/odoo/odoo/http.py", line 2417, in statics
    for module in os.listdir(addons_path):
                  ^^^^^^^^^^^^^^^^^^^^^^^
FileNotFoundError: [Errno 2] Нет такого файла или каталога: '/home/mikita/project/odoo/addons'
2025-08-19 13:55:22,145 5664 INFO ? werkzeug: 127.0.0.1 - - [19/Aug/2025 13:55:22] "POST /web/webclient/version_info HTTP/1.1" 500 - 1 0.001 0.011
2025-08-19 13:55:27,894 5664 INFO ? odoo.service.server: Worker (5664) exiting. request_count: 5, registry count: 1. 
2025-08-19 13:55:27,894 5663 INFO ? odoo.service.server: Worker (5663) exiting. request_count: 2, registry count: 1. 
2025-08-19 13:55:27,894 5660 INFO ? odoo.service.server: Worker (5660) exiting. request_count: 8, registry count: 1. 
2025-08-19 13:55:27,894 5659 INFO ? odoo.service.server: Stopping gracefully 
2025-08-19 13:55:27,895 5661 INFO ? odoo.service.server: Worker (5661) exiting. request_count: 4, registry count: 1. 
2025-08-19 13:55:27,984 5669 INFO ? odoo.service.server: Worker (5669) exiting. request_count: 1, registry count: 0. 
2025-08-19 13:55:27,994 5670 INFO ? odoo.service.server: Worker (5670) exiting. request_count: 1, registry count: 0. 
2025-08-19 14:05:53,283 8712 INFO ? odoo: Odoo version 18.0 
2025-08-19 14:05:53,283 8712 INFO ? odoo: Using configuration file at /home/mikita/project/odoo/odoo/odoo.conf 
2025-08-19 14:05:53,283 8712 INFO ? odoo: addons paths: ['/home/mikita/project/odoo/odoo/odoo/addons', '/home/mikita/project/odoo/odoo/.odoo_data/addons/18.0', '/home/mikita/project/odoo/odoo/addons', '/home/mikita/project/odoo/odoo/custom_addons'] 
2025-08-19 14:05:53,283 8712 INFO ? odoo: database: odoo@localhost:5432 
2025-08-19 14:05:53,342 8712 INFO ? odoo.addons.base.models.ir_actions_report: You need Wkhtmltopdf to print a pdf version of the reports. 
2025-08-19 14:05:53,342 8712 INFO ? odoo.addons.base.models.ir_actions_report: You need Wkhtmltoimage to generate images from html. 
2025-08-19 14:05:53,436 8712 INFO ? odoo.service.server: HTTP service (werkzeug) running on 0.0.0.0:8069 
2025-08-19 14:05:53,438 8717 INFO ? odoo.service.server: Worker WorkerHTTP (8717) alive 
2025-08-19 14:05:53,439 8718 INFO ? odoo.service.server: Worker WorkerHTTP (8718) alive 
2025-08-19 14:05:53,440 8719 INFO ? odoo.service.server: Worker WorkerHTTP (8719) alive 
2025-08-19 14:05:53,441 8721 INFO ? odoo.service.server: Worker WorkerHTTP (8721) alive 
2025-08-19 14:05:53,443 8725 INFO ? odoo.service.server: Worker WorkerCron (8725) alive 
2025-08-19 14:05:53,444 8727 INFO ? odoo.service.server: Worker WorkerCron (8727) alive 
2025-08-19 14:05:53,926 8723 INFO ? odoo: Odoo version 18.0 
2025-08-19 14:05:53,926 8723 INFO ? odoo: Using configuration file at /home/mikita/project/odoo/odoo/odoo.conf 
2025-08-19 14:05:53,926 8723 INFO ? odoo: addons paths: ['/home/mikita/project/odoo/odoo/odoo/addons', '/home/mikita/project/odoo/odoo/.odoo_data/addons/18.0', '/home/mikita/project/odoo/odoo/addons', '/home/mikita/project/odoo/odoo/custom_addons'] 
2025-08-19 14:05:53,926 8723 INFO ? odoo: database: odoo@localhost:5432 
2025-08-19 14:05:53,988 8723 INFO ? odoo.addons.base.models.ir_actions_report: You need Wkhtmltopdf to print a pdf version of the reports. 
2025-08-19 14:05:53,988 8723 INFO ? odoo.addons.base.models.ir_actions_report: You need Wkhtmltoimage to generate images from html. 
2025-08-19 14:05:54,086 8723 INFO ? odoo.service.server: Evented Service (longpolling) running on 0.0.0.0:8072 
2025-08-19 14:06:12,661 8721 INFO ? odoo.modules.loading: loading 1 modules... 
2025-08-19 14:06:12,667 8721 INFO ? odoo.modules.loading: 1 modules loaded in 0.01s, 0 queries (+0 extra) 
2025-08-19 14:06:12,669 8721 WARNING ? odoo.modules.module: Missing `license` key in manifest for 'library_management', defaulting to LGPL-3 
2025-08-19 14:06:12,672 8721 INFO ? odoo.modules.loading: loading 13 modules... 
2025-08-19 14:06:12,828 8721 INFO ? odoo.modules.loading: 13 modules loaded in 0.16s, 0 queries (+0 extra) 
2025-08-19 14:06:12,851 8721 INFO ? odoo.modules.loading: Modules loaded. 
2025-08-19 14:06:12,852 8721 INFO ? odoo.modules.registry: Registry loaded in 0.206s 
2025-08-19 14:06:12,853 8721 INFO odoo_db_clean odoo.addons.base.models.ir_http: Generating routing map for key None 
2025-08-19 14:06:12,866 8721 ERROR odoo_db_clean odoo.http: Exception during request handling. 
Traceback (most recent call last):
  File "/home/mikita/project/odoo/odoo/addons/bus/websocket.py", line 914, in open_connection
    socket = request.httprequest._HTTPRequest__environ['socket']
             ~~~~~~~~~~~~~~~~~~~~~~~~~~~~~~~~~~~~~~~~~^^^^^^^^^^
KeyError: 'socket'

The above exception was the direct cause of the following exception:

Traceback (most recent call last):
  File "/home/mikita/project/odoo/odoo/odoo/http.py", line 2554, in __call__
    response = request._serve_db()
               ^^^^^^^^^^^^^^^^^^^
  File "/home/mikita/project/odoo/odoo/odoo/http.py", line 2081, in _serve_db
    return self._transactioning(
           ^^^^^^^^^^^^^^^^^^^^^
  File "/home/mikita/project/odoo/odoo/odoo/http.py", line 2144, in _transactioning
    return service_model.retrying(func, env=self.env)
           ^^^^^^^^^^^^^^^^^^^^^^^^^^^^^^^^^^^^^^^^^^
  File "/home/mikita/project/odoo/odoo/odoo/service/model.py", line 156, in retrying
    result = func()
             ^^^^^^
  File "/home/mikita/project/odoo/odoo/odoo/http.py", line 2111, in _serve_ir_http
    response = self.dispatcher.dispatch(rule.endpoint, args)
               ^^^^^^^^^^^^^^^^^^^^^^^^^^^^^^^^^^^^^^^^^^^^^
  File "/home/mikita/project/odoo/odoo/odoo/http.py", line 2272, in dispatch
    return self.request.registry['ir.http']._dispatch(endpoint)
           ^^^^^^^^^^^^^^^^^^^^^^^^^^^^^^^^^^^^^^^^^^^^^^^^^^^^
  File "/home/mikita/project/odoo/odoo/odoo/addons/base/models/ir_http.py", line 333, in _dispatch
    result = endpoint(**request.params)
             ^^^^^^^^^^^^^^^^^^^^^^^^^^
  File "/home/mikita/project/odoo/odoo/odoo/http.py", line 754, in route_wrapper
    result = endpoint(self, *args, **params_ok)
             ^^^^^^^^^^^^^^^^^^^^^^^^^^^^^^^^^^
  File "/home/mikita/project/odoo/odoo/addons/bus/controllers/websocket.py", line 20, in websocket
    return WebsocketConnectionHandler.open_connection(request, version)
           ^^^^^^^^^^^^^^^^^^^^^^^^^^^^^^^^^^^^^^^^^^^^^^^^^^^^^^^^^^^^
  File "/home/mikita/project/odoo/odoo/addons/bus/websocket.py", line 927, in open_connection
    raise RuntimeError(
RuntimeError: Couldn't bind the websocket. Is the connection opened on the evented port (8072)?
2025-08-19 14:06:12,868 8721 INFO odoo_db_clean werkzeug: 127.0.0.1 - - [19/Aug/2025 14:06:12] "GET /websocket?version=18.0-5 HTTP/1.1" 500 - 23 0.008 0.214
2025-08-19 14:07:14,213 8717 INFO ? odoo.modules.loading: loading 1 modules... 
2025-08-19 14:07:14,219 8717 INFO ? odoo.modules.loading: 1 modules loaded in 0.01s, 0 queries (+0 extra) 
2025-08-19 14:07:14,222 8717 WARNING ? odoo.modules.module: Missing `license` key in manifest for 'library_management', defaulting to LGPL-3 
2025-08-19 14:07:14,225 8717 INFO ? odoo.modules.loading: loading 13 modules... 
2025-08-19 14:07:14,383 8717 INFO ? odoo.modules.loading: 13 modules loaded in 0.16s, 0 queries (+0 extra) 
2025-08-19 14:07:14,406 8717 INFO ? odoo.modules.loading: Modules loaded. 
2025-08-19 14:07:14,407 8717 INFO ? odoo.modules.registry: Registry loaded in 0.209s 
2025-08-19 14:07:14,408 8717 INFO odoo_db_clean odoo.addons.base.models.ir_http: Generating routing map for key None 
2025-08-19 14:07:14,421 8717 ERROR odoo_db_clean odoo.http: Exception during request handling. 
Traceback (most recent call last):
  File "/home/mikita/project/odoo/odoo/addons/bus/websocket.py", line 914, in open_connection
    socket = request.httprequest._HTTPRequest__environ['socket']
             ~~~~~~~~~~~~~~~~~~~~~~~~~~~~~~~~~~~~~~~~~^^^^^^^^^^
KeyError: 'socket'

The above exception was the direct cause of the following exception:

Traceback (most recent call last):
  File "/home/mikita/project/odoo/odoo/odoo/http.py", line 2554, in __call__
    response = request._serve_db()
               ^^^^^^^^^^^^^^^^^^^
  File "/home/mikita/project/odoo/odoo/odoo/http.py", line 2081, in _serve_db
    return self._transactioning(
           ^^^^^^^^^^^^^^^^^^^^^
  File "/home/mikita/project/odoo/odoo/odoo/http.py", line 2144, in _transactioning
    return service_model.retrying(func, env=self.env)
           ^^^^^^^^^^^^^^^^^^^^^^^^^^^^^^^^^^^^^^^^^^
  File "/home/mikita/project/odoo/odoo/odoo/service/model.py", line 156, in retrying
    result = func()
             ^^^^^^
  File "/home/mikita/project/odoo/odoo/odoo/http.py", line 2111, in _serve_ir_http
    response = self.dispatcher.dispatch(rule.endpoint, args)
               ^^^^^^^^^^^^^^^^^^^^^^^^^^^^^^^^^^^^^^^^^^^^^
  File "/home/mikita/project/odoo/odoo/odoo/http.py", line 2272, in dispatch
    return self.request.registry['ir.http']._dispatch(endpoint)
           ^^^^^^^^^^^^^^^^^^^^^^^^^^^^^^^^^^^^^^^^^^^^^^^^^^^^
  File "/home/mikita/project/odoo/odoo/odoo/addons/base/models/ir_http.py", line 333, in _dispatch
    result = endpoint(**request.params)
             ^^^^^^^^^^^^^^^^^^^^^^^^^^
  File "/home/mikita/project/odoo/odoo/odoo/http.py", line 754, in route_wrapper
    result = endpoint(self, *args, **params_ok)
             ^^^^^^^^^^^^^^^^^^^^^^^^^^^^^^^^^^
  File "/home/mikita/project/odoo/odoo/addons/bus/controllers/websocket.py", line 20, in websocket
    return WebsocketConnectionHandler.open_connection(request, version)
           ^^^^^^^^^^^^^^^^^^^^^^^^^^^^^^^^^^^^^^^^^^^^^^^^^^^^^^^^^^^^
  File "/home/mikita/project/odoo/odoo/addons/bus/websocket.py", line 927, in open_connection
    raise RuntimeError(
RuntimeError: Couldn't bind the websocket. Is the connection opened on the evented port (8072)?
2025-08-19 14:07:14,423 8717 INFO odoo_db_clean werkzeug: 127.0.0.1 - - [19/Aug/2025 14:07:14] "GET /websocket?version=18.0-5 HTTP/1.1" 500 - 23 0.008 0.218
2025-08-19 14:08:11,491 8717 INFO ? odoo.service.server: Worker (8717) exiting. request_count: 1, registry count: 1. 
2025-08-19 14:08:11,491 8721 INFO ? odoo.service.server: Worker (8721) exiting. request_count: 1, registry count: 1. 
2025-08-19 14:08:11,491 8712 INFO ? odoo.service.server: Stopping gracefully 
2025-08-19 14:08:11,492 8718 INFO ? odoo.service.server: Worker (8718) exiting. request_count: 0, registry count: 0. 
2025-08-19 14:08:11,492 8719 INFO ? odoo.service.server: Worker (8719) exiting. request_count: 0, registry count: 0. 
2025-08-19 14:08:11,541 8725 INFO ? odoo.service.server: Worker (8725) exiting. request_count: 2, registry count: 0. 
2025-08-19 14:08:11,561 8727 INFO ? odoo.service.server: Worker (8727) exiting. request_count: 2, registry count: 0. 
2025-08-19 14:08:36,224 9405 INFO ? odoo: Odoo version 18.0 
2025-08-19 14:08:36,224 9405 INFO ? odoo: Using configuration file at /home/mikita/project/odoo/odoo/odoo.conf 
2025-08-19 14:08:36,224 9405 INFO ? odoo: addons paths: ['/home/mikita/project/odoo/odoo/odoo/addons', '/home/mikita/project/odoo/odoo/.odoo_data/addons/18.0', '/home/mikita/project/odoo/odoo/addons', '/home/mikita/project/odoo/odoo/custom_addons'] 
2025-08-19 14:08:36,225 9405 INFO ? odoo: database: odoo@localhost:5432 
2025-08-19 14:08:36,285 9405 INFO ? odoo.addons.base.models.ir_actions_report: You need Wkhtmltopdf to print a pdf version of the reports. 
2025-08-19 14:08:36,285 9405 INFO ? odoo.addons.base.models.ir_actions_report: You need Wkhtmltoimage to generate images from html. 
2025-08-19 14:08:36,384 9405 INFO ? odoo.service.server: HTTP service (werkzeug) running on 0.0.0.0:8069 
2025-08-19 14:08:36,387 9406 INFO ? odoo.service.server: Worker WorkerHTTP (9406) alive 
2025-08-19 14:08:36,388 9407 INFO ? odoo.service.server: Worker WorkerHTTP (9407) alive 
2025-08-19 14:08:36,389 9409 INFO ? odoo.service.server: Worker WorkerHTTP (9409) alive 
2025-08-19 14:08:36,390 9410 INFO ? odoo.service.server: Worker WorkerHTTP (9410) alive 
2025-08-19 14:08:36,392 9414 INFO ? odoo.service.server: Worker WorkerCron (9414) alive 
2025-08-19 14:08:36,393 9416 INFO ? odoo.service.server: Worker WorkerCron (9416) alive 
2025-08-19 14:08:36,857 9412 INFO ? odoo: Odoo version 18.0 
2025-08-19 14:08:36,857 9412 INFO ? odoo: Using configuration file at /home/mikita/project/odoo/odoo/odoo.conf 
2025-08-19 14:08:36,857 9412 INFO ? odoo: addons paths: ['/home/mikita/project/odoo/odoo/odoo/addons', '/home/mikita/project/odoo/odoo/.odoo_data/addons/18.0', '/home/mikita/project/odoo/odoo/addons', '/home/mikita/project/odoo/odoo/custom_addons'] 
2025-08-19 14:08:36,857 9412 INFO ? odoo: database: odoo@localhost:5432 
2025-08-19 14:08:36,918 9412 INFO ? odoo.addons.base.models.ir_actions_report: You need Wkhtmltopdf to print a pdf version of the reports. 
2025-08-19 14:08:36,918 9412 INFO ? odoo.addons.base.models.ir_actions_report: You need Wkhtmltoimage to generate images from html. 
2025-08-19 14:08:37,018 9412 INFO ? odoo.service.server: Evented Service (longpolling) running on 0.0.0.0:8072 
2025-08-19 14:08:40,646 9405 INFO ? odoo.service.server: Stopping gracefully 
2025-08-19 14:08:40,647 9409 INFO ? odoo.service.server: Worker (9409) exiting. request_count: 0, registry count: 0. 
2025-08-19 14:08:40,647 9410 INFO ? odoo.service.server: Worker (9410) exiting. request_count: 0, registry count: 0. 
2025-08-19 14:08:40,647 9407 INFO ? odoo.service.server: Worker (9407) exiting. request_count: 0, registry count: 0. 
2025-08-19 14:08:40,647 9406 INFO ? odoo.service.server: Worker (9406) exiting. request_count: 0, registry count: 0. 
2025-08-19 14:08:40,686 9414 INFO ? odoo.service.server: Worker (9414) exiting. request_count: 0, registry count: 0. 
2025-08-19 14:08:40,706 9416 INFO ? odoo.service.server: Worker (9416) exiting. request_count: 0, registry count: 0. 
